OrderDateID,OrderDate,Year,Month,Quarter
OD0,2012-07-31,2012,Jul,Q3
OD1,2013-02-05,2013,Feb,Q1
OD2,2013-10-17,2013,Oct,Q4
OD3,2013-01-28,2013,Jan,Q1
OD4,2013-11-05,2013,Nov,Q4
OD5,2013-06-28,2013,Jun,Q2
OD6,2011-11-07,2011,Nov,Q4
OD7,2012-04-14,2012,Apr,Q2
OD8,2014-10-14,2014,Oct,Q4
OD9,2012-01-28,2012,Jan,Q1
OD10,2011-04-05,2011,Apr,Q2
OD11,2012-04-19,2012,Apr,Q2
OD12,2011-12-27,2011,Dec,Q4
OD13,2012-11-13,2012,Nov,Q4
OD14,2013-06-06,2013,Jun,Q2
OD15,2014-07-31,2014,Jul,Q3
OD16,2014-11-03,2014,Nov,Q4
OD17,2014-09-08,2014,Sep,Q3
OD18,2014-01-31,2014,Jan,Q1
OD19,2014-12-05,2014,Dec,Q4
OD20,2012-08-08,2012,Aug,Q3
OD21,2011-10-29,2011,Oct,Q4
OD22,2011-05-02,2011,May,Q2
OD23,2013-02-27,2013,Feb,Q1
OD24,2014-09-05,2014,Sep,Q3
OD25,2011-12-17,2011,Dec,Q4
OD26,2011-03-14,2011,Mar,Q1
OD27,2013-03-11,2013,Mar,Q1
OD28,2012-02-25,2012,Feb,Q1
OD29,2011-12-28,2011,Dec,Q4
OD30,2012-07-17,2012,Jul,Q3
OD31,2012-10-15,2012,Oct,Q4
OD32,2011-11-03,2011,Nov,Q4
OD33,2011-12-12,2011,Dec,Q4
OD34,2011-09-14,2011,Sep,Q3
OD35,2014-11-05,2014,Nov,Q4
OD36,2014-01-14,2014,Jan,Q1
OD37,2011-01-10,2011,Jan,Q1
OD38,2013-08-22,2013,Aug,Q3
OD39,2014-11-11,2014,Nov,Q4
OD40,2014-09-26,2014,Sep,Q3
OD41,2012-12-13,2012,Dec,Q4
OD42,2011-09-23,2011,Sep,Q3
OD43,2013-03-08,2013,Mar,Q1
OD44,2014-08-28,2014,Aug,Q3
OD45,2014-05-01,2014,May,Q2
OD46,2014-12-18,2014,Dec,Q4
OD47,2012-06-16,2012,Jun,Q2
OD48,2014-09-18,2014,Sep,Q3
OD49,2014-07-25,2014,Jul,Q3
OD50,2013-12-18,2013,Dec,Q4
OD51,2012-05-30,2012,May,Q2
OD52,2012-03-19,2012,Mar,Q1
OD53,2012-05-25,2012,May,Q2
OD54,2014-08-05,2014,Aug,Q3
OD55,2014-08-24,2014,Aug,Q3
OD56,2014-03-11,2014,Mar,Q1
OD57,2012-11-08,2012,Nov,Q4
OD58,2014-08-11,2014,Aug,Q3
OD59,2013-08-31,2013,Aug,Q3
OD60,2014-01-18,2014,Jan,Q1
OD61,2013-12-02,2013,Dec,Q4
OD62,2014-12-07,2014,Dec,Q4
OD63,2014-12-16,2014,Dec,Q4
OD64,2014-11-20,2014,Nov,Q4
OD65,2011-11-09,2011,Nov,Q4
OD66,2013-06-07,2013,Jun,Q2
OD67,2011-11-22,2011,Nov,Q4
OD68,2013-03-29,2013,Mar,Q1
OD69,2014-08-26,2014,Aug,Q3
OD70,2012-09-20,2012,Sep,Q3
OD71,2014-05-16,2014,May,Q2
OD72,2012-03-16,2012,Mar,Q1
OD73,2013-11-24,2013,Nov,Q4
OD74,2011-10-28,2011,Oct,Q4
OD75,2014-11-19,2014,Nov,Q4
OD76,2014-10-28,2014,Oct,Q4
OD77,2014-01-17,2014,Jan,Q1
OD78,2014-08-18,2014,Aug,Q3
OD79,2013-01-29,2013,Jan,Q1
OD80,2012-09-18,2012,Sep,Q3
OD81,2013-11-23,2013,Nov,Q4
OD82,2012-06-13,2012,Jun,Q2
OD83,2013-10-28,2013,Oct,Q4
OD84,2013-12-12,2013,Dec,Q4
OD85,2013-05-06,2013,May,Q2
OD86,2014-12-23,2014,Dec,Q4
OD87,2012-05-07,2012,May,Q2
OD88,2013-11-27,2013,Nov,Q4
OD89,2012-11-28,2012,Nov,Q4
OD90,2012-09-29,2012,Sep,Q3
OD91,2013-09-03,2013,Sep,Q3
OD92,2013-07-26,2013,Jul,Q3
OD93,2012-06-19,2012,Jun,Q2
OD94,2012-10-11,2012,Oct,Q4
OD95,2011-08-09,2011,Aug,Q3
OD96,2011-11-05,2011,Nov,Q4
OD97,2014-11-07,2014,Nov,Q4
OD98,2013-04-26,2013,Apr,Q2
OD99,2013-12-26,2013,Dec,Q4
OD100,2013-03-13,2013,Mar,Q1
OD101,2013-04-17,2013,Apr,Q2
OD102,2012-04-05,2012,Apr,Q2
OD103,2012-12-26,2012,Dec,Q4
OD104,2013-04-18,2013,Apr,Q2
OD105,2011-05-24,2011,May,Q2
OD106,2012-05-22,2012,May,Q2
OD107,2013-05-16,2013,May,Q2
OD108,2011-12-06,2011,Dec,Q4
OD109,2011-02-16,2011,Feb,Q1
OD110,2013-05-31,2013,May,Q2
OD111,2013-10-01,2013,Oct,Q4
OD112,2011-12-14,2011,Dec,Q4
OD113,2013-12-11,2013,Dec,Q4
OD114,2014-03-18,2014,Mar,Q1
OD115,2014-12-19,2014,Dec,Q4
OD116,2011-12-20,2011,Dec,Q4
OD117,2013-05-24,2013,May,Q2
OD118,2011-10-14,2011,Oct,Q4
OD119,2013-11-25,2013,Nov,Q4
OD120,2013-11-07,2013,Nov,Q4
OD121,2014-07-19,2014,Jul,Q3
OD122,2012-08-16,2012,Aug,Q3
OD123,2013-08-27,2013,Aug,Q3
OD124,2012-01-11,2012,Jan,Q1
OD125,2012-06-14,2012,Jun,Q2
OD126,2011-12-01,2011,Dec,Q4
OD127,2013-06-25,2013,Jun,Q2
OD128,2012-12-06,2012,Dec,Q4
OD129,2013-09-05,2013,Sep,Q3
OD130,2014-09-12,2014,Sep,Q3
OD131,2012-08-03,2012,Aug,Q3
OD132,2014-12-09,2014,Dec,Q4
OD133,2012-10-25,2012,Oct,Q4
OD134,2012-07-13,2012,Jul,Q3
OD135,2011-05-13,2011,May,Q2
OD136,2014-08-02,2014,Aug,Q3
OD137,2011-09-20,2011,Sep,Q3
OD138,2014-01-08,2014,Jan,Q1
OD139,2012-02-02,2012,Feb,Q1
OD140,2013-09-09,2013,Sep,Q3
OD141,2014-04-09,2014,Apr,Q2
OD142,2013-03-02,2013,Mar,Q1
OD143,2014-03-19,2014,Mar,Q1
OD144,2013-10-02,2013,Oct,Q4
OD145,2013-01-12,2013,Jan,Q1
OD146,2014-08-20,2014,Aug,Q3
OD147,2014-03-14,2014,Mar,Q1
OD148,2013-03-26,2013,Mar,Q1
OD149,2014-07-09,2014,Jul,Q3
OD150,2013-06-11,2013,Jun,Q2
OD151,2011-08-10,2011,Aug,Q3
OD152,2014-03-17,2014,Mar,Q1
OD153,2013-01-02,2013,Jan,Q1
OD154,2013-11-26,2013,Nov,Q4
OD155,2012-10-10,2012,Oct,Q4
OD156,2014-10-23,2014,Oct,Q4
OD157,2011-06-17,2011,Jun,Q2
OD158,2014-04-03,2014,Apr,Q2
OD159,2011-05-17,2011,May,Q2
OD160,2014-02-11,2014,Feb,Q1
OD161,2013-10-12,2013,Oct,Q4
OD162,2011-09-19,2011,Sep,Q3
OD163,2014-07-17,2014,Jul,Q3
OD164,2014-11-22,2014,Nov,Q4
OD165,2011-05-30,2011,May,Q2
OD166,2014-04-01,2014,Apr,Q2
OD167,2014-08-29,2014,Aug,Q3
OD168,2013-05-01,2013,May,Q2
OD169,2011-08-16,2011,Aug,Q3
OD170,2014-12-03,2014,Dec,Q4
OD171,2013-01-21,2013,Jan,Q1
OD172,2013-10-22,2013,Oct,Q4
OD173,2014-07-12,2014,Jul,Q3
OD174,2014-09-01,2014,Sep,Q3
OD175,2011-11-17,2011,Nov,Q4
OD176,2011-06-07,2011,Jun,Q2
OD177,2011-10-13,2011,Oct,Q4
OD178,2013-06-10,2013,Jun,Q2
OD179,2014-12-13,2014,Dec,Q4
OD180,2014-10-13,2014,Oct,Q4
OD181,2014-06-10,2014,Jun,Q2
OD182,2011-02-15,2011,Feb,Q1
OD183,2013-11-28,2013,Nov,Q4
OD184,2014-06-18,2014,Jun,Q2
OD185,2013-09-20,2013,Sep,Q3
OD186,2011-06-21,2011,Jun,Q2
OD187,2012-08-02,2012,Aug,Q3
OD188,2012-07-16,2012,Jul,Q3
OD189,2013-08-02,2013,Aug,Q3
OD190,2014-05-22,2014,May,Q2
OD191,2011-02-10,2011,Feb,Q1
OD192,2013-09-27,2013,Sep,Q3
OD193,2014-06-02,2014,Jun,Q2
OD194,2013-09-30,2013,Sep,Q3
OD195,2011-07-19,2011,Jul,Q3
OD196,2014-08-14,2014,Aug,Q3
OD197,2014-10-31,2014,Oct,Q4
OD198,2013-07-25,2013,Jul,Q3
OD199,2014-10-07,2014,Oct,Q4
OD200,2014-10-17,2014,Oct,Q4
OD201,2013-12-03,2013,Dec,Q4
OD202,2014-11-08,2014,Nov,Q4
OD203,2011-09-21,2011,Sep,Q3
OD204,2014-05-09,2014,May,Q2
OD205,2014-09-23,2014,Sep,Q3
OD206,2014-11-26,2014,Nov,Q4
OD207,2012-03-30,2012,Mar,Q1
OD208,2011-11-10,2011,Nov,Q4
OD209,2014-08-22,2014,Aug,Q3
OD210,2012-08-01,2012,Aug,Q3
OD211,2014-07-04,2014,Jul,Q3
OD212,2014-11-21,2014,Nov,Q4
OD213,2013-01-23,2013,Jan,Q1
OD214,2011-05-21,2011,May,Q2
OD215,2014-09-28,2014,Sep,Q3
OD216,2011-11-06,2011,Nov,Q4
OD217,2014-01-28,2014,Jan,Q1
OD218,2014-09-13,2014,Sep,Q3
OD219,2012-12-01,2012,Dec,Q4
OD220,2011-12-22,2011,Dec,Q4
OD221,2013-05-28,2013,May,Q2
OD222,2011-04-27,2011,Apr,Q2
OD223,2011-10-06,2011,Oct,Q4
OD224,2013-08-24,2013,Aug,Q3
OD225,2013-09-21,2013,Sep,Q3
OD226,2014-12-17,2014,Dec,Q4
OD227,2014-06-03,2014,Jun,Q2
OD228,2014-04-17,2014,Apr,Q2
OD229,2012-11-21,2012,Nov,Q4
OD230,2014-03-06,2014,Mar,Q1
OD231,2012-07-23,2012,Jul,Q3
OD232,2011-06-11,2011,Jun,Q2
OD233,2012-09-14,2012,Sep,Q3
OD234,2011-11-25,2011,Nov,Q4
OD235,2012-08-10,2012,Aug,Q3
OD236,2013-03-20,2013,Mar,Q1
OD237,2013-12-30,2013,Dec,Q4
OD238,2012-10-04,2012,Oct,Q4
OD239,2012-08-06,2012,Aug,Q3
OD240,2012-10-02,2012,Oct,Q4
OD241,2014-03-26,2014,Mar,Q1
OD242,2011-11-30,2011,Nov,Q4
OD243,2012-11-23,2012,Nov,Q4
OD244,2012-12-20,2012,Dec,Q4
OD245,2012-09-13,2012,Sep,Q3
OD246,2013-11-04,2013,Nov,Q4
OD247,2013-11-16,2013,Nov,Q4
OD248,2013-04-08,2013,Apr,Q2
OD249,2012-05-23,2012,May,Q2
OD250,2014-11-18,2014,Nov,Q4
OD251,2014-04-14,2014,Apr,Q2
OD252,2011-03-31,2011,Mar,Q1
OD253,2012-02-04,2012,Feb,Q1
OD254,2013-05-29,2013,May,Q2
OD255,2012-08-29,2012,Aug,Q3
OD256,2011-06-15,2011,Jun,Q2
OD257,2011-10-27,2011,Oct,Q4
OD258,2014-09-11,2014,Sep,Q3
OD259,2012-08-28,2012,Aug,Q3
OD260,2014-08-16,2014,Aug,Q3
OD261,2013-08-01,2013,Aug,Q3
OD262,2014-12-24,2014,Dec,Q4
OD263,2012-12-15,2012,Dec,Q4
OD264,2012-02-23,2012,Feb,Q1
OD265,2014-10-11,2014,Oct,Q4
OD266,2014-04-21,2014,Apr,Q2
OD267,2013-06-12,2013,Jun,Q2
OD268,2013-09-17,2013,Sep,Q3
OD269,2014-09-19,2014,Sep,Q3
OD270,2014-06-20,2014,Jun,Q2
OD271,2012-08-24,2012,Aug,Q3
OD272,2014-11-13,2014,Nov,Q4
OD273,2013-06-13,2013,Jun,Q2
OD274,2012-12-24,2012,Dec,Q4
OD275,2014-09-22,2014,Sep,Q3
OD276,2011-01-08,2011,Jan,Q1
OD277,2013-10-03,2013,Oct,Q4
OD278,2013-07-30,2013,Jul,Q3
OD279,2014-04-30,2014,Apr,Q2
OD280,2011-09-28,2011,Sep,Q3
OD281,2014-06-24,2014,Jun,Q2
OD282,2011-04-06,2011,Apr,Q2
OD283,2014-08-07,2014,Aug,Q3
OD284,2013-11-19,2013,Nov,Q4
OD285,2014-02-14,2014,Feb,Q1
OD286,2014-11-29,2014,Nov,Q4
OD287,2012-08-17,2012,Aug,Q3
OD288,2012-08-31,2012,Aug,Q3
OD289,2012-08-07,2012,Aug,Q3
OD290,2014-01-27,2014,Jan,Q1
OD291,2011-09-08,2011,Sep,Q3
OD292,2012-08-09,2012,Aug,Q3
OD293,2013-02-21,2013,Feb,Q1
OD294,2012-07-18,2012,Jul,Q3
OD295,2011-11-19,2011,Nov,Q4
OD296,2012-06-18,2012,Jun,Q2
OD297,2013-12-31,2013,Dec,Q4
OD298,2014-06-30,2014,Jun,Q2
OD299,2012-01-16,2012,Jan,Q1
OD300,2012-06-12,2012,Jun,Q2
OD301,2014-12-25,2014,Dec,Q4
OD302,2014-12-22,2014,Dec,Q4
OD303,2013-09-14,2013,Sep,Q3
OD304,2013-01-07,2013,Jan,Q1
OD305,2014-06-27,2014,Jun,Q2
OD306,2014-05-29,2014,May,Q2
OD307,2014-04-16,2014,Apr,Q2
OD308,2014-11-27,2014,Nov,Q4
OD309,2014-02-24,2014,Feb,Q1
OD310,2013-12-23,2013,Dec,Q4
OD311,2014-06-17,2014,Jun,Q2
OD312,2014-03-15,2014,Mar,Q1
OD313,2014-06-09,2014,Jun,Q2
OD314,2014-10-15,2014,Oct,Q4
OD315,2014-08-06,2014,Aug,Q3
OD316,2012-12-07,2012,Dec,Q4
OD317,2012-12-25,2012,Dec,Q4
OD318,2013-06-17,2013,Jun,Q2
OD319,2012-05-28,2012,May,Q2
OD320,2013-08-17,2013,Aug,Q3
OD321,2011-06-03,2011,Jun,Q2
OD322,2011-07-14,2011,Jul,Q3
OD323,2011-09-29,2011,Sep,Q3
OD324,2011-10-17,2011,Oct,Q4
OD325,2011-11-14,2011,Nov,Q4
OD326,2014-07-14,2014,Jul,Q3
OD327,2014-12-15,2014,Dec,Q4
OD328,2014-06-28,2014,Jun,Q2
OD329,2014-12-20,2014,Dec,Q4
OD330,2012-02-06,2012,Feb,Q1
OD331,2011-01-21,2011,Jan,Q1
OD332,2014-10-27,2014,Oct,Q4
OD333,2012-02-27,2012,Feb,Q1
OD334,2012-06-11,2012,Jun,Q2
OD335,2011-02-23,2011,Feb,Q1
OD336,2014-09-15,2014,Sep,Q3
OD337,2013-07-20,2013,Jul,Q3
OD338,2013-10-30,2013,Oct,Q4
OD339,2013-05-04,2013,May,Q2
OD340,2014-05-08,2014,May,Q2
OD341,2012-04-22,2012,Apr,Q2
OD342,2011-04-16,2011,Apr,Q2
OD343,2012-10-12,2012,Oct,Q4
OD344,2014-05-26,2014,May,Q2
OD345,2013-04-12,2013,Apr,Q2
OD346,2013-11-11,2013,Nov,Q4
OD347,2012-10-13,2012,Oct,Q4
OD348,2014-01-30,2014,Jan,Q1
OD349,2013-12-06,2013,Dec,Q4
OD350,2013-09-19,2013,Sep,Q3
OD351,2012-12-31,2012,Dec,Q4
OD352,2014-12-29,2014,Dec,Q4
OD353,2013-11-15,2013,Nov,Q4
OD354,2011-09-12,2011,Sep,Q3
OD355,2014-05-15,2014,May,Q2
OD356,2011-12-08,2011,Dec,Q4
OD357,2014-02-10,2014,Feb,Q1
OD358,2014-02-08,2014,Feb,Q1
OD359,2013-08-05,2013,Aug,Q3
OD360,2014-04-15,2014,Apr,Q2
OD361,2011-03-21,2011,Mar,Q1
OD362,2014-05-05,2014,May,Q2
OD363,2013-06-20,2013,Jun,Q2
OD364,2014-08-23,2014,Aug,Q3
OD365,2014-05-19,2014,May,Q2
OD366,2013-04-29,2013,Apr,Q2
OD367,2014-10-12,2014,Oct,Q4
OD368,2014-11-28,2014,Nov,Q4
OD369,2012-05-11,2012,May,Q2
OD370,2013-06-18,2013,Jun,Q2
OD371,2012-05-04,2012,May,Q2
OD372,2011-11-11,2011,Nov,Q4
OD373,2011-12-07,2011,Dec,Q4
OD374,2013-09-10,2013,Sep,Q3
OD375,2011-03-03,2011,Mar,Q1
OD376,2012-01-02,2012,Jan,Q1
OD377,2012-10-30,2012,Oct,Q4
OD378,2013-08-15,2013,Aug,Q3
OD379,2013-06-08,2013,Jun,Q2
OD380,2014-10-02,2014,Oct,Q4
OD381,2014-02-27,2014,Feb,Q1
OD382,2013-10-31,2013,Oct,Q4
OD383,2012-05-17,2012,May,Q2
OD384,2011-08-03,2011,Aug,Q3
OD385,2013-07-29,2013,Jul,Q3
OD386,2013-02-14,2013,Feb,Q1
OD387,2014-08-04,2014,Aug,Q3
OD388,2013-11-13,2013,Nov,Q4
OD389,2014-02-12,2014,Feb,Q1
OD390,2013-03-30,2013,Mar,Q1
OD391,2014-11-02,2014,Nov,Q4
OD392,2013-08-19,2013,Aug,Q3
OD393,2012-08-22,2012,Aug,Q3
OD394,2014-07-05,2014,Jul,Q3
OD395,2012-03-14,2012,Mar,Q1
OD396,2014-09-16,2014,Sep,Q3
OD397,2011-10-31,2011,Oct,Q4
OD398,2012-10-17,2012,Oct,Q4
OD399,2014-02-17,2014,Feb,Q1
OD400,2012-02-24,2012,Feb,Q1
OD401,2012-12-03,2012,Dec,Q4
OD402,2012-12-12,2012,Dec,Q4
OD403,2014-06-16,2014,Jun,Q2
OD404,2014-05-13,2014,May,Q2
OD405,2012-05-10,2012,May,Q2
OD406,2013-09-13,2013,Sep,Q3
OD407,2013-05-08,2013,May,Q2
OD408,2014-10-25,2014,Oct,Q4
OD409,2013-10-14,2013,Oct,Q4
OD410,2011-02-14,2011,Feb,Q1
OD411,2011-03-11,2011,Mar,Q1
OD412,2012-06-20,2012,Jun,Q2
OD413,2013-02-08,2013,Feb,Q1
OD414,2012-06-23,2012,Jun,Q2
OD415,2013-12-20,2013,Dec,Q4
OD416,2011-08-29,2011,Aug,Q3
OD417,2014-07-18,2014,Jul,Q3
OD418,2014-11-17,2014,Nov,Q4
OD419,2011-09-02,2011,Sep,Q3
OD420,2012-08-27,2012,Aug,Q3
OD421,2013-12-24,2013,Dec,Q4
OD422,2012-11-30,2012,Nov,Q4
OD423,2013-05-21,2013,May,Q2
OD424,2011-11-04,2011,Nov,Q4
OD425,2011-05-08,2011,May,Q2
OD426,2013-07-02,2013,Jul,Q3
OD427,2012-12-21,2012,Dec,Q4
OD428,2013-10-18,2013,Oct,Q4
OD429,2012-07-07,2012,Jul,Q3
OD430,2011-06-18,2011,Jun,Q2
OD431,2012-01-10,2012,Jan,Q1
OD432,2013-08-13,2013,Aug,Q3
OD433,2012-04-12,2012,Apr,Q2
OD434,2014-01-03,2014,Jan,Q1
OD435,2013-02-12,2013,Feb,Q1
OD436,2014-07-01,2014,Jul,Q3
OD437,2014-10-04,2014,Oct,Q4
OD438,2014-07-11,2014,Jul,Q3
OD439,2014-04-24,2014,Apr,Q2
OD440,2011-05-04,2011,May,Q2
OD441,2014-11-12,2014,Nov,Q4
OD442,2014-11-14,2014,Nov,Q4
OD443,2013-04-05,2013,Apr,Q2
OD444,2014-07-10,2014,Jul,Q3
OD445,2014-10-06,2014,Oct,Q4
OD446,2013-06-01,2013,Jun,Q2
OD447,2012-08-20,2012,Aug,Q3
OD448,2011-08-30,2011,Aug,Q3
OD449,2012-12-04,2012,Dec,Q4
OD450,2013-12-19,2013,Dec,Q4
OD451,2013-08-20,2013,Aug,Q3
OD452,2012-06-21,2012,Jun,Q2
OD453,2013-04-30,2013,Apr,Q2
OD454,2012-06-15,2012,Jun,Q2
OD455,2014-07-21,2014,Jul,Q3
OD456,2013-02-26,2013,Feb,Q1
OD457,2011-11-26,2011,Nov,Q4
OD458,2012-05-24,2012,May,Q2
OD459,2011-09-22,2011,Sep,Q3
OD460,2013-06-05,2013,Jun,Q2
OD461,2013-05-14,2013,May,Q2
OD462,2014-01-16,2014,Jan,Q1
OD463,2013-10-21,2013,Oct,Q4
OD464,2013-07-15,2013,Jul,Q3
OD465,2011-01-07,2011,Jan,Q1
OD466,2014-12-02,2014,Dec,Q4
OD467,2014-12-01,2014,Dec,Q4
OD468,2011-03-12,2011,Mar,Q1
OD469,2013-01-15,2013,Jan,Q1
OD470,2013-07-11,2013,Jul,Q3
OD471,2014-08-12,2014,Aug,Q3
OD472,2013-01-05,2013,Jan,Q1
OD473,2013-12-16,2013,Dec,Q4
OD474,2012-07-04,2012,Jul,Q3
OD475,2013-07-01,2013,Jul,Q3
OD476,2012-07-03,2012,Jul,Q3
OD477,2011-04-08,2011,Apr,Q2
OD478,2013-05-09,2013,May,Q2
OD479,2013-10-05,2013,Oct,Q4
OD480,2012-11-19,2012,Nov,Q4
OD481,2014-12-31,2014,Dec,Q4
OD482,2013-03-04,2013,Mar,Q1
OD483,2013-03-19,2013,Mar,Q1
OD484,2012-03-21,2012,Mar,Q1
OD485,2014-05-24,2014,May,Q2
OD486,2013-06-14,2013,Jun,Q2
OD487,2013-12-09,2013,Dec,Q4
OD488,2013-10-09,2013,Oct,Q4
OD489,2013-10-16,2013,Oct,Q4
OD490,2011-12-24,2011,Dec,Q4
OD491,2013-04-16,2013,Apr,Q2
OD492,2012-12-19,2012,Dec,Q4
OD493,2011-10-19,2011,Oct,Q4
OD494,2011-03-10,2011,Mar,Q1
OD495,2014-01-25,2014,Jan,Q1
OD496,2013-01-08,2013,Jan,Q1
OD497,2013-01-04,2013,Jan,Q1
OD498,2014-05-02,2014,May,Q2
OD499,2011-06-22,2011,Jun,Q2
OD500,2013-09-24,2013,Sep,Q3
OD501,2012-08-30,2012,Aug,Q3
OD502,2014-07-22,2014,Jul,Q3
OD503,2012-12-18,2012,Dec,Q4
OD504,2013-09-25,2013,Sep,Q3
OD505,2014-03-24,2014,Mar,Q1
OD506,2011-12-03,2011,Dec,Q4
OD507,2014-05-28,2014,May,Q2
OD508,2014-06-14,2014,Jun,Q2
OD509,2011-11-12,2011,Nov,Q4
OD510,2014-02-18,2014,Feb,Q1
OD511,2011-08-17,2011,Aug,Q3
OD512,2012-03-06,2012,Mar,Q1
OD513,2012-11-02,2012,Nov,Q4
OD514,2012-09-24,2012,Sep,Q3
OD515,2013-02-18,2013,Feb,Q1
OD516,2014-11-04,2014,Nov,Q4
OD517,2012-09-17,2012,Sep,Q3
OD518,2014-11-24,2014,Nov,Q4
OD519,2011-09-30,2011,Sep,Q3
OD520,2011-02-25,2011,Feb,Q1
OD521,2013-07-08,2013,Jul,Q3
OD522,2012-03-26,2012,Mar,Q1
OD523,2014-01-29,2014,Jan,Q1
OD524,2014-04-11,2014,Apr,Q2
OD525,2011-12-13,2011,Dec,Q4
OD526,2014-10-03,2014,Oct,Q4
OD527,2011-12-26,2011,Dec,Q4
OD528,2014-09-24,2014,Sep,Q3
OD529,2011-08-27,2011,Aug,Q3
OD530,2014-09-06,2014,Sep,Q3
OD531,2014-09-30,2014,Sep,Q3
OD532,2012-09-26,2012,Sep,Q3
OD533,2014-12-30,2014,Dec,Q4
OD534,2014-01-20,2014,Jan,Q1
OD535,2011-02-28,2011,Feb,Q1
OD536,2014-03-31,2014,Mar,Q1
OD537,2013-06-03,2013,Jun,Q2
OD538,2013-03-05,2013,Mar,Q1
OD539,2011-05-23,2011,May,Q2
OD540,2011-11-01,2011,Nov,Q4
OD541,2014-06-21,2014,Jun,Q2
OD542,2013-06-27,2013,Jun,Q2
OD543,2011-12-31,2011,Dec,Q4
OD544,2011-01-24,2011,Jan,Q1
OD545,2014-12-04,2014,Dec,Q4
OD546,2014-12-08,2014,Dec,Q4
OD547,2012-12-11,2012,Dec,Q4
OD548,2014-03-05,2014,Mar,Q1
OD549,2011-09-27,2011,Sep,Q3
OD550,2013-12-22,2013,Dec,Q4
OD551,2014-11-10,2014,Nov,Q4
OD552,2012-11-10,2012,Nov,Q4
OD553,2011-06-08,2011,Jun,Q2
OD554,2014-04-07,2014,Apr,Q2
OD555,2011-10-18,2011,Oct,Q4
OD556,2012-04-25,2012,Apr,Q2
OD557,2012-04-18,2012,Apr,Q2
OD558,2013-06-04,2013,Jun,Q2
OD559,2012-06-25,2012,Jun,Q2
OD560,2013-06-24,2013,Jun,Q2
OD561,2013-11-12,2013,Nov,Q4
OD562,2014-02-13,2014,Feb,Q1
OD563,2011-08-19,2011,Aug,Q3
OD564,2014-03-13,2014,Mar,Q1
OD565,2013-04-04,2013,Apr,Q2
OD566,2014-05-17,2014,May,Q2
OD567,2013-04-23,2013,Apr,Q2
OD568,2012-10-05,2012,Oct,Q4
OD569,2014-10-29,2014,Oct,Q4
OD570,2011-11-23,2011,Nov,Q4
OD571,2014-12-10,2014,Dec,Q4
OD572,2011-12-09,2011,Dec,Q4
OD573,2013-12-17,2013,Dec,Q4
OD574,2014-10-22,2014,Oct,Q4
OD575,2013-10-11,2013,Oct,Q4
OD576,2014-06-23,2014,Jun,Q2
OD577,2014-06-26,2014,Jun,Q2
OD578,2014-07-23,2014,Jul,Q3
OD579,2014-09-04,2014,Sep,Q3
OD580,2012-12-10,2012,Dec,Q4
OD581,2012-01-26,2012,Jan,Q1
OD582,2011-11-28,2011,Nov,Q4
OD583,2012-03-20,2012,Mar,Q1
OD584,2012-12-17,2012,Dec,Q4
OD585,2014-09-02,2014,Sep,Q3
OD586,2013-04-09,2013,Apr,Q2
OD587,2014-06-12,2014,Jun,Q2
OD588,2012-11-06,2012,Nov,Q4
OD589,2011-09-15,2011,Sep,Q3
OD590,2012-04-04,2012,Apr,Q2
OD591,2011-06-26,2011,Jun,Q2
OD592,2011-03-18,2011,Mar,Q1
OD593,2012-10-31,2012,Oct,Q4
OD594,2013-10-04,2013,Oct,Q4
OD595,2013-12-04,2013,Dec,Q4
OD596,2011-11-16,2011,Nov,Q4
OD597,2014-10-09,2014,Oct,Q4
OD598,2014-01-04,2014,Jan,Q1
OD599,2012-11-14,2012,Nov,Q4
OD600,2011-10-04,2011,Oct,Q4
OD601,2012-03-13,2012,Mar,Q1
OD602,2013-04-07,2013,Apr,Q2
OD603,2011-12-29,2011,Dec,Q4
OD604,2013-03-18,2013,Mar,Q1
OD605,2012-08-15,2012,Aug,Q3
OD606,2012-01-13,2012,Jan,Q1
OD607,2011-08-08,2011,Aug,Q3
OD608,2011-02-12,2011,Feb,Q1
OD609,2011-11-15,2011,Nov,Q4
OD610,2012-11-05,2012,Nov,Q4
OD611,2012-01-07,2012,Jan,Q1
OD612,2012-06-05,2012,Jun,Q2
OD613,2013-05-03,2013,May,Q2
OD614,2011-12-15,2011,Dec,Q4
OD615,2013-10-15,2013,Oct,Q4
OD616,2013-04-03,2013,Apr,Q2
OD617,2014-09-17,2014,Sep,Q3
OD618,2014-09-29,2014,Sep,Q3
OD619,2011-06-29,2011,Jun,Q2
OD620,2013-08-12,2013,Aug,Q3
OD621,2012-09-10,2012,Sep,Q3
OD622,2013-10-24,2013,Oct,Q4
OD623,2011-12-10,2011,Dec,Q4
OD624,2013-11-29,2013,Nov,Q4
OD625,2013-02-09,2013,Feb,Q1
OD626,2014-09-03,2014,Sep,Q3
OD627,2011-05-12,2011,May,Q2
OD628,2013-10-29,2013,Oct,Q4
OD629,2011-10-26,2011,Oct,Q4
OD630,2013-05-22,2013,May,Q2
OD631,2011-08-12,2011,Aug,Q3
OD632,2011-05-03,2011,May,Q2
OD633,2013-08-26,2013,Aug,Q3
OD634,2012-10-01,2012,Oct,Q4
OD635,2011-04-25,2011,Apr,Q2
OD636,2014-03-28,2014,Mar,Q1
OD637,2013-11-18,2013,Nov,Q4
OD638,2012-03-07,2012,Mar,Q1
OD639,2013-05-30,2013,May,Q2
OD640,2014-08-19,2014,Aug,Q3
OD641,2011-08-21,2011,Aug,Q3
OD642,2013-08-10,2013,Aug,Q3
OD643,2013-01-19,2013,Jan,Q1
OD644,2011-06-01,2011,Jun,Q2
OD645,2013-11-14,2013,Nov,Q4
OD646,2014-10-16,2014,Oct,Q4
OD647,2013-01-22,2013,Jan,Q1
OD648,2013-10-26,2013,Oct,Q4
OD649,2013-10-10,2013,Oct,Q4
OD650,2013-10-25,2013,Oct,Q4
OD651,2013-08-21,2013,Aug,Q3
OD652,2014-10-24,2014,Oct,Q4
OD653,2012-09-07,2012,Sep,Q3
OD654,2011-06-10,2011,Jun,Q2
OD655,2013-11-22,2013,Nov,Q4
OD656,2011-09-09,2011,Sep,Q3
OD657,2013-10-07,2013,Oct,Q4
OD658,2013-12-10,2013,Dec,Q4
OD659,2011-11-18,2011,Nov,Q4
OD660,2012-11-29,2012,Nov,Q4
OD661,2011-05-19,2011,May,Q2
OD662,2014-08-15,2014,Aug,Q3
OD663,2014-01-23,2014,Jan,Q1
OD664,2011-02-24,2011,Feb,Q1
OD665,2011-06-25,2011,Jun,Q2
OD666,2012-11-01,2012,Nov,Q4
OD667,2013-07-10,2013,Jul,Q3
OD668,2012-09-04,2012,Sep,Q3
OD669,2012-09-28,2012,Sep,Q3
OD670,2011-06-06,2011,Jun,Q2
OD671,2013-07-04,2013,Jul,Q3
OD672,2014-05-31,2014,May,Q2
OD673,2013-01-09,2013,Jan,Q1
OD674,2011-09-01,2011,Sep,Q3
OD675,2011-04-30,2011,Apr,Q2
OD676,2012-12-27,2012,Dec,Q4
OD677,2012-09-01,2012,Sep,Q3
OD678,2013-09-11,2013,Sep,Q3
OD679,2012-09-15,2012,Sep,Q3
OD680,2012-12-30,2012,Dec,Q4
OD681,2014-10-08,2014,Oct,Q4
OD682,2013-08-06,2013,Aug,Q3
OD683,2011-07-22,2011,Jul,Q3
OD684,2013-02-01,2013,Feb,Q1
OD685,2013-01-25,2013,Jan,Q1
OD686,2014-02-20,2014,Feb,Q1
OD687,2012-04-02,2012,Apr,Q2
OD688,2013-05-25,2013,May,Q2
OD689,2012-11-16,2012,Nov,Q4
OD690,2011-01-05,2011,Jan,Q1
OD691,2012-04-13,2012,Apr,Q2
OD692,2012-06-10,2012,Jun,Q2
OD693,2011-11-29,2011,Nov,Q4
OD694,2014-10-10,2014,Oct,Q4
OD695,2014-06-25,2014,Jun,Q2
OD696,2012-07-25,2012,Jul,Q3
OD697,2013-08-16,2013,Aug,Q3
OD698,2012-04-16,2012,Apr,Q2
OD699,2013-07-03,2013,Jul,Q3
OD700,2013-05-17,2013,May,Q2
OD701,2014-03-21,2014,Mar,Q1
OD702,2014-08-01,2014,Aug,Q3
OD703,2012-01-17,2012,Jan,Q1
OD704,2012-09-06,2012,Sep,Q3
OD705,2014-12-11,2014,Dec,Q4
OD706,2012-04-28,2012,Apr,Q2
OD707,2011-01-14,2011,Jan,Q1
OD708,2014-07-08,2014,Jul,Q3
OD709,2014-05-27,2014,May,Q2
OD710,2014-07-29,2014,Jul,Q3
OD711,2012-10-23,2012,Oct,Q4
OD712,2014-03-27,2014,Mar,Q1
OD713,2014-09-25,2014,Sep,Q3
OD714,2012-05-15,2012,May,Q2
OD715,2014-04-28,2014,Apr,Q2
OD716,2013-05-11,2013,May,Q2
OD717,2011-12-19,2011,Dec,Q4
OD718,2014-05-07,2014,May,Q2
OD719,2014-05-23,2014,May,Q2
OD720,2011-08-01,2011,Aug,Q3
OD721,2012-06-29,2012,Jun,Q2
OD722,2013-09-12,2013,Sep,Q3
OD723,2014-11-25,2014,Nov,Q4
OD724,2011-06-30,2011,Jun,Q2
OD725,2014-12-26,2014,Dec,Q4
OD726,2013-05-27,2013,May,Q2
OD727,2011-07-27,2011,Jul,Q3
OD728,2012-03-28,2012,Mar,Q1
OD729,2014-06-08,2014,Jun,Q2
OD730,2012-02-14,2012,Feb,Q1
OD731,2014-03-25,2014,Mar,Q1
OD732,2012-06-30,2012,Jun,Q2
OD733,2012-10-09,2012,Oct,Q4
OD734,2011-05-27,2011,May,Q2
OD735,2013-08-23,2013,Aug,Q3
OD736,2014-02-04,2014,Feb,Q1
OD737,2011-09-26,2011,Sep,Q3
OD738,2014-09-09,2014,Sep,Q3
OD739,2011-08-04,2011,Aug,Q3
OD740,2011-06-24,2011,Jun,Q2
OD741,2011-01-11,2011,Jan,Q1
OD742,2011-12-16,2011,Dec,Q4
OD743,2013-05-15,2013,May,Q2
OD744,2013-07-22,2013,Jul,Q3
OD745,2013-01-01,2013,Jan,Q1
OD746,2014-07-30,2014,Jul,Q3
OD747,2013-11-01,2013,Nov,Q4
OD748,2011-08-18,2011,Aug,Q3
OD749,2011-10-07,2011,Oct,Q4
OD750,2012-11-20,2012,Nov,Q4
OD751,2012-04-20,2012,Apr,Q2
OD752,2012-09-21,2012,Sep,Q3
OD753,2012-01-25,2012,Jan,Q1
OD754,2013-09-06,2013,Sep,Q3
OD755,2014-09-21,2014,Sep,Q3
OD756,2011-06-04,2011,Jun,Q2
OD757,2013-01-20,2013,Jan,Q1
OD758,2011-05-14,2011,May,Q2
OD759,2011-12-23,2011,Dec,Q4
OD760,2011-06-20,2011,Jun,Q2
OD761,2011-06-02,2011,Jun,Q2
OD762,2011-09-07,2011,Sep,Q3
OD763,2012-09-03,2012,Sep,Q3
OD764,2013-03-06,2013,Mar,Q1
OD765,2013-08-07,2013,Aug,Q3
OD766,2014-09-27,2014,Sep,Q3
OD767,2014-11-06,2014,Nov,Q4
OD768,2011-04-28,2011,Apr,Q2
OD769,2011-07-20,2011,Jul,Q3
OD770,2012-09-22,2012,Sep,Q3
OD771,2011-05-31,2011,May,Q2
OD772,2013-02-20,2013,Feb,Q1
OD773,2011-08-05,2011,Aug,Q3
OD774,2013-11-21,2013,Nov,Q4
OD775,2014-05-06,2014,May,Q2
OD776,2013-10-23,2013,Oct,Q4
OD777,2012-02-21,2012,Feb,Q1
OD778,2011-07-26,2011,Jul,Q3
OD779,2013-04-25,2013,Apr,Q2
OD780,2013-06-15,2013,Jun,Q2
OD781,2014-04-22,2014,Apr,Q2
OD782,2013-06-19,2013,Jun,Q2
OD783,2014-07-26,2014,Jul,Q3
OD784,2014-03-03,2014,Mar,Q1
OD785,2014-06-11,2014,Jun,Q2
OD786,2012-01-08,2012,Jan,Q1
OD787,2012-12-05,2012,Dec,Q4
OD788,2014-01-24,2014,Jan,Q1
OD789,2011-07-28,2011,Jul,Q3
OD790,2014-03-04,2014,Mar,Q1
OD791,2011-10-15,2011,Oct,Q4
OD792,2011-07-30,2011,Jul,Q3
OD793,2013-03-12,2013,Mar,Q1
OD794,2012-03-15,2012,Mar,Q1
OD795,2012-05-16,2012,May,Q2
OD796,2013-12-14,2013,Dec,Q4
OD797,2013-03-23,2013,Mar,Q1
OD798,2013-09-04,2013,Sep,Q3
OD799,2013-04-15,2013,Apr,Q2
OD800,2013-06-21,2013,Jun,Q2
OD801,2014-02-25,2014,Feb,Q1
OD802,2013-05-10,2013,May,Q2
OD803,2014-07-02,2014,Jul,Q3
OD804,2014-02-21,2014,Feb,Q1
OD805,2012-11-03,2012,Nov,Q4
OD806,2013-08-14,2013,Aug,Q3
OD807,2014-04-02,2014,Apr,Q2
OD808,2013-03-25,2013,Mar,Q1
OD809,2012-11-24,2012,Nov,Q4
OD810,2011-09-24,2011,Sep,Q3
OD811,2013-06-30,2013,Jun,Q2
OD812,2012-08-25,2012,Aug,Q3
OD813,2013-01-10,2013,Jan,Q1
OD814,2012-03-29,2012,Mar,Q1
OD815,2014-02-07,2014,Feb,Q1
OD816,2011-09-25,2011,Sep,Q3
OD817,2011-07-07,2011,Jul,Q3
OD818,2013-07-23,2013,Jul,Q3
OD819,2013-01-18,2013,Jan,Q1
OD820,2014-12-27,2014,Dec,Q4
OD821,2011-03-01,2011,Mar,Q1
OD822,2011-07-16,2011,Jul,Q3
OD823,2014-07-24,2014,Jul,Q3
OD824,2012-06-26,2012,Jun,Q2
OD825,2012-11-15,2012,Nov,Q4
OD826,2013-02-06,2013,Feb,Q1
OD827,2012-03-22,2012,Mar,Q1
OD828,2014-05-20,2014,May,Q2
OD829,2011-04-18,2011,Apr,Q2
OD830,2012-07-09,2012,Jul,Q3
OD831,2011-09-16,2011,Sep,Q3
OD832,2014-08-13,2014,Aug,Q3
OD833,2012-01-12,2012,Jan,Q1
OD834,2012-06-04,2012,Jun,Q2
OD835,2011-07-01,2011,Jul,Q3
OD836,2013-11-30,2013,Nov,Q4
OD837,2014-11-01,2014,Nov,Q4
OD838,2012-06-08,2012,Jun,Q2
OD839,2013-11-09,2013,Nov,Q4
OD840,2012-12-08,2012,Dec,Q4
OD841,2011-02-18,2011,Feb,Q1
OD842,2014-08-08,2014,Aug,Q3
OD843,2013-04-01,2013,Apr,Q2
OD844,2013-01-31,2013,Jan,Q1
OD845,2013-10-27,2013,Oct,Q4
OD846,2011-09-06,2011,Sep,Q3
OD847,2013-10-08,2013,Oct,Q4
OD848,2013-12-21,2013,Dec,Q4
OD849,2011-01-17,2011,Jan,Q1
OD850,2011-08-26,2011,Aug,Q3
OD851,2012-02-08,2012,Feb,Q1
OD852,2012-04-24,2012,Apr,Q2
OD853,2014-04-10,2014,Apr,Q2
OD854,2011-08-15,2011,Aug,Q3
OD855,2012-05-31,2012,May,Q2
OD856,2014-06-19,2014,Jun,Q2
OD857,2012-07-27,2012,Jul,Q3
OD858,2014-07-15,2014,Jul,Q3
OD859,2011-06-16,2011,Jun,Q2
OD860,2013-09-16,2013,Sep,Q3
OD861,2014-05-21,2014,May,Q2
OD862,2012-04-10,2012,Apr,Q2
OD863,2012-11-22,2012,Nov,Q4
OD864,2013-07-16,2013,Jul,Q3
OD865,2013-02-11,2013,Feb,Q1
OD866,2011-06-09,2011,Jun,Q2
OD867,2011-02-02,2011,Feb,Q1
OD868,2011-04-04,2011,Apr,Q2
OD869,2011-08-13,2011,Aug,Q3
OD870,2012-07-20,2012,Jul,Q3
OD871,2014-06-13,2014,Jun,Q2
OD872,2012-07-06,2012,Jul,Q3
OD873,2012-09-25,2012,Sep,Q3
OD874,2011-07-18,2011,Jul,Q3
OD875,2011-03-22,2011,Mar,Q1
OD876,2012-08-23,2012,Aug,Q3
OD877,2011-07-11,2011,Jul,Q3
OD878,2013-03-01,2013,Mar,Q1
OD879,2012-03-02,2012,Mar,Q1
OD880,2012-07-11,2012,Jul,Q3
OD881,2011-04-11,2011,Apr,Q2
OD882,2011-06-28,2011,Jun,Q2
OD883,2012-10-22,2012,Oct,Q4
OD884,2013-06-26,2013,Jun,Q2
OD885,2014-10-20,2014,Oct,Q4
OD886,2011-11-21,2011,Nov,Q4
OD887,2012-12-14,2012,Dec,Q4
OD888,2012-06-22,2012,Jun,Q2
OD889,2014-10-21,2014,Oct,Q4
OD890,2012-12-28,2012,Dec,Q4
OD891,2012-10-19,2012,Oct,Q4
OD892,2011-07-08,2011,Jul,Q3
OD893,2013-08-04,2013,Aug,Q3
OD894,2014-02-03,2014,Feb,Q1
OD895,2012-05-05,2012,May,Q2
OD896,2013-01-16,2013,Jan,Q1
OD897,2013-04-13,2013,Apr,Q2
OD898,2011-01-23,2011,Jan,Q1
OD899,2011-03-08,2011,Mar,Q1
OD900,2012-11-27,2012,Nov,Q4
OD901,2012-03-27,2012,Mar,Q1
OD902,2011-01-19,2011,Jan,Q1
OD903,2012-01-22,2012,Jan,Q1
OD904,2014-11-16,2014,Nov,Q4
OD905,2014-04-25,2014,Apr,Q2
OD906,2012-05-29,2012,May,Q2
OD907,2014-09-10,2014,Sep,Q3
OD908,2012-05-08,2012,May,Q2
OD909,2014-10-01,2014,Oct,Q4
OD910,2013-11-17,2013,Nov,Q4
OD911,2011-08-11,2011,Aug,Q3
OD912,2011-07-21,2011,Jul,Q3
OD913,2013-02-22,2013,Feb,Q1
OD914,2013-03-27,2013,Mar,Q1
OD915,2014-03-22,2014,Mar,Q1
OD916,2014-03-12,2014,Mar,Q1
OD917,2014-08-21,2014,Aug,Q3
OD918,2014-03-29,2014,Mar,Q1
OD919,2011-12-21,2011,Dec,Q4
OD920,2012-06-07,2012,Jun,Q2
OD921,2014-05-10,2014,May,Q2
OD922,2014-01-15,2014,Jan,Q1
OD923,2012-01-23,2012,Jan,Q1
OD924,2012-05-14,2012,May,Q2
OD925,2011-11-02,2011,Nov,Q4
OD926,2013-07-05,2013,Jul,Q3
OD927,2014-06-06,2014,Jun,Q2
OD928,2011-03-07,2011,Mar,Q1
OD929,2014-01-09,2014,Jan,Q1
OD930,2013-03-14,2013,Mar,Q1
OD931,2014-08-30,2014,Aug,Q3
OD932,2011-11-24,2011,Nov,Q4
OD933,2012-08-21,2012,Aug,Q3
OD934,2014-06-04,2014,Jun,Q2
OD935,2013-11-06,2013,Nov,Q4
OD936,2012-04-30,2012,Apr,Q2
OD937,2014-06-07,2014,Jun,Q2
OD938,2013-09-02,2013,Sep,Q3
OD939,2012-03-05,2012,Mar,Q1
OD940,2013-12-25,2013,Dec,Q4
OD941,2011-04-12,2011,Apr,Q2
OD942,2013-02-07,2013,Feb,Q1
OD943,2011-01-18,2011,Jan,Q1
OD944,2012-08-18,2012,Aug,Q3
OD945,2012-05-21,2012,May,Q2
OD946,2012-08-26,2012,Aug,Q3
OD947,2012-03-01,2012,Mar,Q1
OD948,2011-08-22,2011,Aug,Q3
OD949,2012-01-30,2012,Jan,Q1
OD950,2012-07-26,2012,Jul,Q3
OD951,2012-04-06,2012,Apr,Q2
OD952,2013-07-06,2013,Jul,Q3
OD953,2012-08-13,2012,Aug,Q3
OD954,2014-02-23,2014,Feb,Q1
OD955,2012-09-19,2012,Sep,Q3
OD956,2011-09-10,2011,Sep,Q3
OD957,2011-07-25,2011,Jul,Q3
OD958,2011-01-31,2011,Jan,Q1
OD959,2011-04-20,2011,Apr,Q2
OD960,2011-10-22,2011,Oct,Q4
OD961,2011-08-25,2011,Aug,Q3
OD962,2012-06-06,2012,Jun,Q2
OD963,2011-10-05,2011,Oct,Q4
OD964,2012-10-29,2012,Oct,Q4
OD965,2013-05-07,2013,May,Q2
OD966,2013-09-26,2013,Sep,Q3
OD967,2013-05-23,2013,May,Q2
OD968,2011-10-10,2011,Oct,Q4
OD969,2013-01-11,2013,Jan,Q1
OD970,2011-10-21,2011,Oct,Q4
OD971,2013-11-08,2013,Nov,Q4
OD972,2014-04-23,2014,Apr,Q2
OD973,2011-01-03,2011,Jan,Q1
OD974,2012-10-18,2012,Oct,Q4
OD975,2012-01-03,2012,Jan,Q1
OD976,2012-07-12,2012,Jul,Q3
OD977,2014-01-21,2014,Jan,Q1
OD978,2013-02-19,2013,Feb,Q1
OD979,2013-12-13,2013,Dec,Q4
OD980,2012-08-14,2012,Aug,Q3
OD981,2013-09-29,2013,Sep,Q3
OD982,2012-06-27,2012,Jun,Q2
OD983,2014-04-12,2014,Apr,Q2
OD984,2014-03-20,2014,Mar,Q1
OD985,2013-08-28,2013,Aug,Q3
OD986,2011-04-01,2011,Apr,Q2
OD987,2011-12-02,2011,Dec,Q4
OD988,2011-10-03,2011,Oct,Q4
OD989,2013-12-27,2013,Dec,Q4
OD990,2012-11-17,2012,Nov,Q4
OD991,2014-01-13,2014,Jan,Q1
OD992,2014-04-18,2014,Apr,Q2
OD993,2012-09-05,2012,Sep,Q3
OD994,2013-06-22,2013,Jun,Q2
OD995,2012-05-03,2012,May,Q2
OD996,2011-07-12,2011,Jul,Q3
OD997,2014-10-30,2014,Oct,Q4
OD998,2013-01-30,2013,Jan,Q1
OD999,2012-09-27,2012,Sep,Q3
OD1000,2012-02-13,2012,Feb,Q1
OD1001,2012-02-15,2012,Feb,Q1
OD1002,2014-01-11,2014,Jan,Q1
OD1003,2012-05-02,2012,May,Q2
OD1004,2014-02-06,2014,Feb,Q1
OD1005,2011-11-08,2011,Nov,Q4
OD1006,2011-12-05,2011,Dec,Q4
OD1007,2012-04-17,2012,Apr,Q2
OD1008,2011-03-25,2011,Mar,Q1
OD1009,2013-04-11,2013,Apr,Q2
OD1010,2011-03-29,2011,Mar,Q1
OD1011,2012-08-11,2012,Aug,Q3
OD1012,2011-04-22,2011,Apr,Q2
OD1013,2012-12-22,2012,Dec,Q4
OD1014,2013-07-31,2013,Jul,Q3
OD1015,2011-06-13,2011,Jun,Q2
OD1016,2012-10-03,2012,Oct,Q4
OD1017,2012-03-23,2012,Mar,Q1
OD1018,2013-05-20,2013,May,Q2
OD1019,2011-07-13,2011,Jul,Q3
OD1020,2014-10-18,2014,Oct,Q4
OD1021,2012-05-09,2012,May,Q2
OD1022,2013-07-12,2013,Jul,Q3
OD1023,2014-05-25,2014,May,Q2
OD1024,2011-04-21,2011,Apr,Q2
OD1025,2014-07-27,2014,Jul,Q3
OD1026,2013-07-13,2013,Jul,Q3
OD1027,2013-08-29,2013,Aug,Q3
OD1028,2014-01-10,2014,Jan,Q1
OD1029,2014-07-03,2014,Jul,Q3
OD1030,2012-06-02,2012,Jun,Q2
OD1031,2011-01-04,2011,Jan,Q1
OD1032,2011-03-28,2011,Mar,Q1
OD1033,2011-05-18,2011,May,Q2
OD1034,2012-10-27,2012,Oct,Q4
OD1035,2012-02-22,2012,Feb,Q1
OD1036,2011-02-09,2011,Feb,Q1
OD1037,2014-03-08,2014,Mar,Q1
OD1038,2011-02-26,2011,Feb,Q1
OD1039,2013-02-03,2013,Feb,Q1
OD1040,2011-07-04,2011,Jul,Q3
OD1041,2013-03-16,2013,Mar,Q1
OD1042,2013-08-03,2013,Aug,Q3
OD1043,2012-06-01,2012,Jun,Q2
OD1044,2014-02-28,2014,Feb,Q1
OD1045,2012-11-07,2012,Nov,Q4
OD1046,2012-11-26,2012,Nov,Q4
OD1047,2013-06-23,2013,Jun,Q2
OD1048,2012-09-12,2012,Sep,Q3
OD1049,2013-01-03,2013,Jan,Q1
OD1050,2013-09-28,2013,Sep,Q3
OD1051,2012-10-24,2012,Oct,Q4
OD1052,2014-06-01,2014,Jun,Q2
OD1053,2013-03-21,2013,Mar,Q1
OD1054,2012-11-09,2012,Nov,Q4
OD1055,2011-12-11,2011,Dec,Q4
OD1056,2013-07-19,2013,Jul,Q3
OD1057,2014-01-01,2014,Jan,Q1
OD1058,2013-03-22,2013,Mar,Q1
OD1059,2014-07-16,2014,Jul,Q3
OD1060,2014-01-06,2014,Jan,Q1
OD1061,2011-08-02,2011,Aug,Q3
OD1062,2012-04-23,2012,Apr,Q2
OD1063,2014-04-29,2014,Apr,Q2
OD1064,2014-08-27,2014,Aug,Q3
OD1065,2012-07-24,2012,Jul,Q3
OD1066,2014-08-09,2014,Aug,Q3
OD1067,2012-01-05,2012,Jan,Q1
OD1068,2012-01-14,2012,Jan,Q1
OD1069,2012-11-11,2012,Nov,Q4
OD1070,2011-03-17,2011,Mar,Q1
OD1071,2012-03-24,2012,Mar,Q1
OD1072,2012-10-06,2012,Oct,Q4
OD1073,2013-11-02,2013,Nov,Q4
OD1074,2011-04-26,2011,Apr,Q2
OD1075,2014-08-25,2014,Aug,Q3
OD1076,2012-05-12,2012,May,Q2
OD1077,2012-02-18,2012,Feb,Q1
OD1078,2014-06-05,2014,Jun,Q2
OD1079,2014-10-19,2014,Oct,Q4
OD1080,2014-02-19,2014,Feb,Q1
OD1081,2013-07-24,2013,Jul,Q3
OD1082,2012-03-09,2012,Mar,Q1
OD1083,2012-02-09,2012,Feb,Q1
OD1084,2012-04-11,2012,Apr,Q2
OD1085,2012-12-09,2012,Dec,Q4
OD1086,2011-05-28,2011,May,Q2
OD1087,2014-01-07,2014,Jan,Q1
OD1088,2011-01-22,2011,Jan,Q1
OD1089,2014-04-08,2014,Apr,Q2
OD1090,2012-02-07,2012,Feb,Q1
OD1091,2011-03-30,2011,Mar,Q1
OD1092,2011-03-24,2011,Mar,Q1
OD1093,2011-06-23,2011,Jun,Q2
OD1094,2011-08-31,2011,Aug,Q3
OD1095,2013-07-17,2013,Jul,Q3
OD1096,2013-11-20,2013,Nov,Q4
OD1097,2014-12-12,2014,Dec,Q4
OD1098,2011-07-05,2011,Jul,Q3
OD1099,2013-09-18,2013,Sep,Q3
OD1100,2014-04-26,2014,Apr,Q2
OD1101,2014-02-26,2014,Feb,Q1
OD1102,2011-10-01,2011,Oct,Q4
OD1103,2011-04-14,2011,Apr,Q2
OD1104,2012-06-28,2012,Jun,Q2
OD1105,2011-01-26,2011,Jan,Q1
OD1106,2012-04-26,2012,Apr,Q2
OD1107,2013-10-13,2013,Oct,Q4
OD1108,2011-01-15,2011,Jan,Q1
OD1109,2013-06-29,2013,Jun,Q2
OD1110,2013-05-02,2013,May,Q2
OD1111,2013-07-14,2013,Jul,Q3
OD1112,2012-01-09,2012,Jan,Q1
OD1113,2012-10-20,2012,Oct,Q4
OD1114,2011-10-12,2011,Oct,Q4
OD1115,2011-10-20,2011,Oct,Q4
OD1116,2011-05-05,2011,May,Q2
OD1117,2014-06-29,2014,Jun,Q2
OD1118,2013-07-18,2013,Jul,Q3
OD1119,2011-01-20,2011,Jan,Q1
OD1120,2011-04-07,2011,Apr,Q2
OD1121,2011-05-10,2011,May,Q2
OD1122,2011-07-23,2011,Jul,Q3
OD1123,2013-04-20,2013,Apr,Q2
OD1124,2014-03-07,2014,Mar,Q1
OD1125,2011-06-14,2011,Jun,Q2
OD1126,2011-09-11,2011,Sep,Q3
OD1127,2012-02-10,2012,Feb,Q1
OD1128,2013-04-22,2013,Apr,Q2
OD1129,2012-04-27,2012,Apr,Q2
OD1130,2013-09-15,2013,Sep,Q3
OD1131,2011-02-22,2011,Feb,Q1
OD1132,2013-04-27,2013,Apr,Q2
OD1133,2013-01-24,2013,Jan,Q1
OD1134,2012-07-14,2012,Jul,Q3
OD1135,2011-09-13,2011,Sep,Q3
OD1136,2014-07-07,2014,Jul,Q3
OD1137,2013-05-26,2013,May,Q2
OD1138,2012-05-18,2012,May,Q2
OD1139,2012-01-04,2012,Jan,Q1
OD1140,2011-03-04,2011,Mar,Q1
OD1141,2011-05-26,2011,May,Q2
OD1142,2011-10-11,2011,Oct,Q4
OD1143,2011-10-25,2011,Oct,Q4
OD1144,2012-01-20,2012,Jan,Q1
OD1145,2013-04-02,2013,Apr,Q2
OD1146,2012-10-16,2012,Oct,Q4
OD1147,2013-02-25,2013,Feb,Q1
OD1148,2013-02-02,2013,Feb,Q1
OD1149,2013-07-28,2013,Jul,Q3
OD1150,2011-10-02,2011,Oct,Q4
OD1151,2012-04-09,2012,Apr,Q2
OD1152,2013-12-07,2013,Dec,Q4
OD1153,2011-11-20,2011,Nov,Q4
OD1154,2011-09-05,2011,Sep,Q3
OD1155,2013-06-16,2013,Jun,Q2
OD1156,2012-06-09,2012,Jun,Q2
OD1157,2013-01-17,2013,Jan,Q1
OD1158,2011-10-08,2011,Oct,Q4
OD1159,2012-03-12,2012,Mar,Q1
OD1160,2011-03-23,2011,Mar,Q1
OD1161,2013-03-15,2013,Mar,Q1
OD1162,2014-02-05,2014,Feb,Q1
OD1163,2011-10-24,2011,Oct,Q4
OD1164,2011-02-21,2011,Feb,Q1
OD1165,2011-05-09,2011,May,Q2
OD1166,2011-05-20,2011,May,Q2
OD1167,2013-04-06,2013,Apr,Q2
OD1168,2014-05-30,2014,May,Q2
OD1169,2012-07-30,2012,Jul,Q3
OD1170,2013-08-08,2013,Aug,Q3
OD1171,2011-12-30,2011,Dec,Q4
OD1172,2011-01-13,2011,Jan,Q1
OD1173,2011-05-06,2011,May,Q2
OD1174,2011-07-29,2011,Jul,Q3
OD1175,2012-03-31,2012,Mar,Q1
OD1176,2012-03-08,2012,Mar,Q1
OD1177,2012-09-09,2012,Sep,Q3
OD1178,2014-05-03,2014,May,Q2
OD1179,2014-04-20,2014,Apr,Q2
OD1180,2014-01-22,2014,Jan,Q1
OD1181,2014-11-23,2014,Nov,Q4
OD1182,2014-07-28,2014,Jul,Q3
OD1183,2011-03-19,2011,Mar,Q1
OD1184,2012-07-10,2012,Jul,Q3
OD1185,2011-05-07,2011,May,Q2
OD1186,2014-09-20,2014,Sep,Q3
OD1187,2012-12-16,2012,Dec,Q4
OD1188,2012-07-02,2012,Jul,Q3
OD1189,2011-08-24,2011,Aug,Q3
OD1190,2013-02-23,2013,Feb,Q1
OD1191,2012-01-21,2012,Jan,Q1
OD1192,2013-04-10,2013,Apr,Q2
OD1193,2013-04-19,2013,Apr,Q2
OD1194,2013-07-09,2013,Jul,Q3
OD1195,2011-03-15,2011,Mar,Q1
OD1196,2012-02-20,2012,Feb,Q1
OD1197,2012-01-27,2012,Jan,Q1
OD1198,2012-07-01,2012,Jul,Q3
OD1199,2012-10-08,2012,Oct,Q4
OD1200,2014-02-22,2014,Feb,Q1
OD1201,2014-11-15,2014,Nov,Q4
OD1202,2011-04-19,2011,Apr,Q2
OD1203,2014-05-04,2014,May,Q2
OD1204,2012-10-26,2012,Oct,Q4
OD1205,2013-05-05,2013,May,Q2
OD1206,2013-08-30,2013,Aug,Q3
OD1207,2013-12-28,2013,Dec,Q4
OD1208,2012-04-03,2012,Apr,Q2
OD1209,2013-04-24,2013,Apr,Q2
OD1210,2011-05-11,2011,May,Q2
OD1211,2013-08-09,2013,Aug,Q3
OD1212,2011-08-23,2011,Aug,Q3
OD1213,2012-01-19,2012,Jan,Q1
OD1214,2014-04-27,2014,Apr,Q2
OD1215,2014-04-19,2014,Apr,Q2
OD1216,2011-10-16,2011,Oct,Q4
OD1217,2011-02-04,2011,Feb,Q1
OD1218,2011-07-06,2011,Jul,Q3
OD1219,2011-04-15,2011,Apr,Q2
OD1220,2012-10-21,2012,Oct,Q4
OD1221,2011-04-29,2011,Apr,Q2
OD1222,2012-02-17,2012,Feb,Q1
OD1223,2013-02-16,2013,Feb,Q1
OD1224,2012-07-05,2012,Jul,Q3
OD1225,2012-04-07,2012,Apr,Q2
OD1226,2011-06-05,2011,Jun,Q2
OD1227,2011-01-30,2011,Jan,Q1
OD1228,2014-03-09,2014,Mar,Q1
OD1229,2012-04-21,2012,Apr,Q2
OD1230,2012-09-08,2012,Sep,Q3
OD1231,2013-03-09,2013,Mar,Q1
OD1232,2012-08-05,2012,Aug,Q3
OD1233,2014-03-10,2014,Mar,Q1
OD1234,2014-05-12,2014,May,Q2
OD1235,2014-04-06,2014,Apr,Q2
OD1236,2011-03-16,2011,Mar,Q1
OD1237,2014-01-26,2014,Jan,Q1
OD1238,2014-12-06,2014,Dec,Q4
OD1239,2011-09-18,2011,Sep,Q3
OD1240,2013-05-18,2013,May,Q2
OD1241,2014-11-30,2014,Nov,Q4
OD1242,2011-07-09,2011,Jul,Q3
OD1243,2012-05-01,2012,May,Q2
OD1244,2014-04-04,2014,Apr,Q2
OD1245,2013-01-14,2013,Jan,Q1
OD1246,2013-05-13,2013,May,Q2
OD1247,2012-12-29,2012,Dec,Q4
OD1248,2011-02-01,2011,Feb,Q1
OD1249,2011-09-17,2011,Sep,Q3
OD1250,2012-11-12,2012,Nov,Q4
OD1251,2014-04-05,2014,Apr,Q2
OD1252,2012-09-16,2012,Sep,Q3
OD1253,2014-01-02,2014,Jan,Q1
OD1254,2012-02-16,2012,Feb,Q1
OD1255,2011-03-05,2011,Mar,Q1
OD1256,2011-02-27,2011,Feb,Q1
OD1257,2011-01-12,2011,Jan,Q1
OD1258,2013-02-28,2013,Feb,Q1
OD1259,2014-06-15,2014,Jun,Q2
OD1260,2014-03-01,2014,Mar,Q1
OD1261,2014-02-15,2014,Feb,Q1
OD1262,2012-02-01,2012,Feb,Q1
OD1263,2011-07-15,2011,Jul,Q3
OD1264,2011-03-02,2011,Mar,Q1
OD1265,2013-02-15,2013,Feb,Q1
OD1266,2011-01-28,2011,Jan,Q1
OD1267,2012-01-24,2012,Jan,Q1
OD1268,2013-12-01,2013,Dec,Q4
OD1269,2013-03-07,2013,Mar,Q1
OD1270,2011-04-02,2011,Apr,Q2
OD1271,2013-03-31,2013,Mar,Q1
OD1272,2014-11-09,2014,Nov,Q4
OD1273,2013-09-23,2013,Sep,Q3
OD1274,2011-05-16,2011,May,Q2
OD1275,2012-04-29,2012,Apr,Q2
OD1276,2013-10-20,2013,Oct,Q4
OD1277,2013-12-05,2013,Dec,Q4
OD1278,2014-10-05,2014,Oct,Q4
OD1279,2013-03-28,2013,Mar,Q1
OD1280,2011-06-27,2011,Jun,Q2
OD1281,2012-03-11,2012,Mar,Q1
OD1282,2013-02-04,2013,Feb,Q1
OD1283,2013-12-15,2013,Dec,Q4
OD1284,2011-01-16,2011,Jan,Q1
OD1285,2012-02-03,2012,Feb,Q1
OD1286,2012-01-18,2012,Jan,Q1
OD1287,2014-08-31,2014,Aug,Q3
OD1288,2013-02-13,2013,Feb,Q1
OD1289,2013-06-02,2013,Jun,Q2
OD1290,2012-08-04,2012,Aug,Q3
OD1291,2012-09-02,2012,Sep,Q3
OD1292,2014-04-13,2014,Apr,Q2
OD1293,2014-08-17,2014,Aug,Q3
OD1294,2012-05-06,2012,May,Q2
OD1295,2012-01-29,2012,Jan,Q1
OD1296,2012-07-19,2012,Jul,Q3
OD1297,2011-05-25,2011,May,Q2
OD1298,2012-02-28,2012,Feb,Q1
OD1299,2012-04-15,2012,Apr,Q2
OD1300,2014-05-14,2014,May,Q2
OD1301,2013-04-14,2013,Apr,Q2
OD1302,2013-01-26,2013,Jan,Q1
OD1303,2014-12-28,2014,Dec,Q4
OD1304,2014-08-03,2014,Aug,Q3
OD1305,2011-01-06,2011,Jan,Q1
OD1306,2012-09-30,2012,Sep,Q3
OD1307,2013-02-10,2013,Feb,Q1
OD1308,2011-04-13,2011,Apr,Q2
OD1309,2012-06-17,2012,Jun,Q2
OD1310,2011-04-03,2011,Apr,Q2
OD1311,2011-03-26,2011,Mar,Q1
OD1312,2013-09-08,2013,Sep,Q3
OD1313,2011-08-20,2011,Aug,Q3
OD1314,2012-05-26,2012,May,Q2
OD1315,2012-07-28,2012,Jul,Q3
OD1316,2014-05-11,2014,May,Q2
OD1317,2014-09-14,2014,Sep,Q3
OD1318,2013-05-19,2013,May,Q2
OD1319,2011-01-01,2011,Jan,Q1
OD1320,2013-12-29,2013,Dec,Q4
OD1321,2011-01-09,2011,Jan,Q1
OD1322,2013-01-06,2013,Jan,Q1
OD1323,2011-01-25,2011,Jan,Q1
OD1324,2011-02-07,2011,Feb,Q1
OD1325,2012-09-11,2012,Sep,Q3
OD1326,2014-06-22,2014,Jun,Q2
OD1327,2011-04-09,2011,Apr,Q2
OD1328,2014-02-01,2014,Feb,Q1
OD1329,2012-12-23,2012,Dec,Q4
OD1330,2011-07-31,2011,Jul,Q3
OD1331,2011-01-29,2011,Jan,Q1
OD1332,2012-02-29,2012,Feb,Q1
OD1333,2012-04-01,2012,Apr,Q2
OD1334,2014-12-14,2014,Dec,Q4
OD1335,2012-07-21,2012,Jul,Q3
OD1336,2013-03-24,2013,Mar,Q1
OD1337,2014-01-05,2014,Jan,Q1
OD1338,2012-11-04,2012,Nov,Q4
OD1339,2012-03-03,2012,Mar,Q1
OD1340,2013-09-07,2013,Sep,Q3
OD1341,2014-03-23,2014,Mar,Q1
OD1342,2011-02-17,2011,Feb,Q1
OD1343,2011-05-15,2011,May,Q2
OD1344,2012-08-12,2012,Aug,Q3
OD1345,2012-03-10,2012,Mar,Q1
OD1346,2011-01-27,2011,Jan,Q1
OD1347,2011-12-04,2011,Dec,Q4
OD1348,2011-01-02,2011,Jan,Q1
OD1349,2012-01-31,2012,Jan,Q1
OD1350,2012-02-05,2012,Feb,Q1
OD1351,2013-03-03,2013,Mar,Q1
OD1352,2011-09-03,2011,Sep,Q3
OD1353,2011-04-23,2011,Apr,Q2
OD1354,2013-12-08,2013,Dec,Q4
OD1355,2012-01-06,2012,Jan,Q1
OD1356,2012-10-28,2012,Oct,Q4
OD1357,2013-07-27,2013,Jul,Q3
OD1358,2014-03-02,2014,Mar,Q1
OD1359,2012-02-19,2012,Feb,Q1
OD1360,2013-01-27,2013,Jan,Q1
OD1361,2011-02-08,2011,Feb,Q1
OD1362,2014-09-07,2014,Sep,Q3
OD1363,2012-06-24,2012,Jun,Q2
OD1364,2013-08-25,2013,Aug,Q3
OD1365,2012-05-20,2012,May,Q2
OD1366,2014-12-21,2014,Dec,Q4
OD1367,2013-10-19,2013,Oct,Q4
OD1368,2013-06-09,2013,Jun,Q2
OD1369,2014-03-30,2014,Mar,Q1
OD1370,2013-08-11,2013,Aug,Q3
OD1371,2011-03-09,2011,Mar,Q1
OD1372,2013-11-10,2013,Nov,Q4
OD1373,2012-06-03,2012,Jun,Q2
OD1374,2014-05-18,2014,May,Q2
OD1375,2011-02-11,2011,Feb,Q1
OD1376,2014-07-06,2014,Jul,Q3
OD1377,2013-05-12,2013,May,Q2
OD1378,2013-09-01,2013,Sep,Q3
OD1379,2011-03-06,2011,Mar,Q1
OD1380,2011-08-06,2011,Aug,Q3
OD1381,2014-02-16,2014,Feb,Q1
OD1382,2012-03-17,2012,Mar,Q1
OD1383,2011-04-24,2011,Apr,Q2
OD1384,2012-11-18,2012,Nov,Q4
OD1385,2011-07-02,2011,Jul,Q3
OD1386,2012-09-23,2012,Sep,Q3
OD1387,2014-07-13,2014,Jul,Q3
OD1388,2012-05-19,2012,May,Q2
OD1389,2014-02-09,2014,Feb,Q1
OD1390,2012-11-25,2012,Nov,Q4
OD1391,2012-05-13,2012,May,Q2
OD1392,2012-02-12,2012,Feb,Q1
OD1393,2014-01-19,2014,Jan,Q1
OD1394,2013-07-21,2013,Jul,Q3
OD1395,2011-07-17,2011,Jul,Q3
OD1396,2012-10-07,2012,Oct,Q4
OD1397,2011-10-30,2011,Oct,Q4
OD1398,2011-02-19,2011,Feb,Q1
OD1399,2011-12-25,2011,Dec,Q4
OD1400,2011-11-13,2011,Nov,Q4
OD1401,2011-11-27,2011,Nov,Q4
OD1402,2011-07-24,2011,Jul,Q3
OD1403,2011-10-09,2011,Oct,Q4
OD1404,2012-12-02,2012,Dec,Q4
OD1405,2011-05-22,2011,May,Q2
OD1406,2013-03-10,2013,Mar,Q1
OD1407,2013-03-17,2013,Mar,Q1
OD1408,2011-02-03,2011,Feb,Q1
OD1409,2011-08-07,2011,Aug,Q3
OD1410,2013-09-22,2013,Sep,Q3
OD1411,2012-02-11,2012,Feb,Q1
OD1412,2012-10-14,2012,Oct,Q4
OD1413,2011-02-05,2011,Feb,Q1
OD1414,2014-03-16,2014,Mar,Q1
OD1415,2011-06-19,2011,Jun,Q2
OD1416,2013-10-06,2013,Oct,Q4
OD1417,2011-02-13,2011,Feb,Q1
OD1418,2013-08-18,2013,Aug,Q3
OD1419,2013-01-13,2013,Jan,Q1
OD1420,2014-01-12,2014,Jan,Q1
OD1421,2012-07-29,2012,Jul,Q3
OD1422,2012-07-15,2012,Jul,Q3
OD1423,2012-08-19,2012,Aug,Q3
OD1424,2011-03-27,2011,Mar,Q1
OD1425,2011-06-12,2011,Jun,Q2
OD1426,2012-07-08,2012,Jul,Q3
OD1427,2013-07-07,2013,Jul,Q3
OD1428,2012-05-27,2012,May,Q2
OD1429,2011-02-06,2011,Feb,Q1
