ShipDateID,ShipDate,Year,Month,Quarter
SD0,2012-07-31,2012,Jul,Q3
SD1,2013-02-07,2013,Feb,Q1
SD2,2013-10-18,2013,Oct,Q4
SD3,2013-01-30,2013,Jan,Q1
SD4,2013-11-06,2013,Nov,Q4
SD5,2013-07-01,2013,Jul,Q3
SD6,2011-11-09,2011,Nov,Q4
SD7,2012-04-18,2012,Apr,Q2
SD8,2014-10-21,2014,Oct,Q4
SD9,2012-01-31,2012,Jan,Q1
SD10,2011-04-09,2011,Apr,Q2
SD11,2012-04-22,2012,Apr,Q2
SD12,2011-12-29,2011,Dec,Q4
SD13,2012-11-13,2012,Nov,Q4
SD14,2013-06-08,2013,Jun,Q2
SD15,2014-08-03,2014,Aug,Q3
SD16,2014-11-06,2014,Nov,Q4
SD17,2014-09-14,2014,Sep,Q3
SD18,2014-02-01,2014,Feb,Q1
SD19,2014-12-07,2014,Dec,Q4
SD20,2012-08-10,2012,Aug,Q3
SD21,2011-10-31,2011,Oct,Q4
SD22,2011-05-03,2011,May,Q2
SD23,2013-03-01,2013,Mar,Q1
SD24,2014-08-01,2014,Aug,Q3
SD25,2014-09-08,2014,Sep,Q3
SD26,2011-12-20,2011,Dec,Q4
SD27,2011-03-17,2011,Mar,Q1
SD28,2013-03-12,2013,Mar,Q1
SD29,2012-02-25,2012,Feb,Q1
SD30,2011-12-30,2011,Dec,Q4
SD31,2012-07-19,2012,Jul,Q3
SD32,2012-10-15,2012,Oct,Q4
SD33,2011-11-05,2011,Nov,Q4
SD34,2011-12-14,2011,Dec,Q4
SD35,2011-09-15,2011,Sep,Q3
SD36,2011-09-14,2011,Sep,Q3
SD37,2014-11-05,2014,Nov,Q4
SD38,2014-01-18,2014,Jan,Q1
SD39,2011-01-11,2011,Jan,Q1
SD40,2013-08-26,2013,Aug,Q3
SD41,2014-11-15,2014,Nov,Q4
SD42,2014-09-28,2014,Sep,Q3
SD43,2012-12-17,2012,Dec,Q4
SD44,2011-09-25,2011,Sep,Q3
SD45,2011-09-28,2011,Sep,Q3
SD46,2013-03-08,2013,Mar,Q1
SD47,2014-08-29,2014,Aug,Q3
SD48,2014-05-01,2014,May,Q2
SD49,2014-12-20,2014,Dec,Q4
SD50,2012-06-19,2012,Jun,Q2
SD51,2014-09-21,2014,Sep,Q3
SD52,2014-07-25,2014,Jul,Q3
SD53,2013-12-18,2013,Dec,Q4
SD54,2012-05-31,2012,May,Q2
SD55,2012-03-20,2012,Mar,Q1
SD56,2012-05-28,2012,May,Q2
SD57,2014-08-06,2014,Aug,Q3
SD58,2014-08-27,2014,Aug,Q3
SD59,2014-03-13,2014,Mar,Q1
SD60,2012-11-08,2012,Nov,Q4
SD61,2014-08-16,2014,Aug,Q3
SD62,2013-09-03,2013,Sep,Q3
SD63,2014-01-23,2014,Jan,Q1
SD64,2013-12-04,2013,Dec,Q4
SD65,2014-12-08,2014,Dec,Q4
SD66,2014-12-19,2014,Dec,Q4
SD67,2014-11-20,2014,Nov,Q4
SD68,2011-11-11,2011,Nov,Q4
SD69,2013-06-09,2013,Jun,Q2
SD70,2011-11-23,2011,Nov,Q4
SD71,2013-03-31,2013,Mar,Q1
SD72,2012-09-22,2012,Sep,Q3
SD73,2014-05-18,2014,May,Q2
SD74,2012-03-22,2012,Mar,Q1
SD75,2013-11-25,2013,Nov,Q4
SD76,2011-10-28,2011,Oct,Q4
SD77,2014-11-23,2014,Nov,Q4
SD78,2014-10-30,2014,Oct,Q4
SD79,2014-01-19,2014,Jan,Q1
SD80,2014-08-23,2014,Aug,Q3
SD81,2013-02-05,2013,Feb,Q1
SD82,2012-09-21,2012,Sep,Q3
SD83,2013-11-23,2013,Nov,Q4
SD84,2012-06-13,2012,Jun,Q2
SD85,2013-10-31,2013,Oct,Q4
SD86,2013-12-14,2013,Dec,Q4
SD87,2013-05-07,2013,May,Q2
SD88,2013-12-02,2013,Dec,Q4
SD89,2014-12-25,2014,Dec,Q4
SD90,2012-05-07,2012,May,Q2
SD91,2013-11-29,2013,Nov,Q4
SD92,2012-12-02,2012,Dec,Q4
SD93,2012-09-29,2012,Sep,Q3
SD94,2013-09-05,2013,Sep,Q3
SD95,2013-08-01,2013,Aug,Q3
SD96,2014-11-25,2014,Nov,Q4
SD97,2012-10-14,2012,Oct,Q4
SD98,2011-08-11,2011,Aug,Q3
SD99,2014-11-14,2014,Nov,Q4
SD100,2013-04-28,2013,Apr,Q2
SD101,2013-12-26,2013,Dec,Q4
SD102,2013-03-13,2013,Mar,Q1
SD103,2013-04-21,2013,Apr,Q2
SD104,2012-04-05,2012,Apr,Q2
SD105,2012-12-28,2012,Dec,Q4
SD106,2013-04-19,2013,Apr,Q2
SD107,2011-05-26,2011,May,Q2
SD108,2012-05-26,2012,May,Q2
SD109,2013-05-20,2013,May,Q2
SD110,2011-12-08,2011,Dec,Q4
SD111,2011-02-19,2011,Feb,Q1
SD112,2013-06-02,2013,Jun,Q2
SD113,2013-10-02,2013,Oct,Q4
SD114,2011-12-21,2011,Dec,Q4
SD115,2013-12-22,2013,Dec,Q4
SD116,2014-03-21,2014,Mar,Q1
SD117,2013-05-28,2013,May,Q2
SD118,2011-10-17,2011,Oct,Q4
SD119,2014-09-18,2014,Sep,Q3
SD120,2013-11-27,2013,Nov,Q4
SD121,2013-11-10,2013,Nov,Q4
SD122,2014-07-23,2014,Jul,Q3
SD123,2012-08-16,2012,Aug,Q3
SD124,2013-08-30,2013,Aug,Q3
SD125,2012-01-15,2012,Jan,Q1
SD126,2012-06-17,2012,Jun,Q2
SD127,2011-12-03,2011,Dec,Q4
SD128,2013-06-27,2013,Jun,Q2
SD129,2012-12-08,2012,Dec,Q4
SD130,2013-09-07,2013,Sep,Q3
SD131,2014-09-20,2014,Sep,Q3
SD132,2014-09-13,2014,Sep,Q3
SD133,2012-08-08,2012,Aug,Q3
SD134,2014-12-11,2014,Dec,Q4
SD135,2012-10-28,2012,Oct,Q4
SD136,2012-07-15,2012,Jul,Q3
SD137,2013-08-29,2013,Aug,Q3
SD138,2011-05-17,2011,May,Q2
SD139,2011-11-06,2011,Nov,Q4
SD140,2011-09-22,2011,Sep,Q3
SD141,2014-01-11,2014,Jan,Q1
SD142,2013-03-15,2013,Mar,Q1
SD143,2012-02-05,2012,Feb,Q1
SD144,2013-09-11,2013,Sep,Q3
SD145,2014-04-13,2014,Apr,Q2
SD146,2013-03-06,2013,Mar,Q1
SD147,2013-10-04,2013,Oct,Q4
SD148,2013-01-15,2013,Jan,Q1
SD149,2014-08-25,2014,Aug,Q3
SD150,2014-03-18,2014,Mar,Q1
SD151,2013-03-26,2013,Mar,Q1
SD152,2014-07-13,2014,Jul,Q3
SD153,2013-06-15,2013,Jun,Q2
SD154,2011-08-17,2011,Aug,Q3
SD155,2013-01-03,2013,Jan,Q1
SD156,2013-12-03,2013,Dec,Q4
SD157,2012-10-11,2012,Oct,Q4
SD158,2014-10-25,2014,Oct,Q4
SD159,2011-06-19,2011,Jun,Q2
SD160,2014-04-05,2014,Apr,Q2
SD161,2011-05-20,2011,May,Q2
SD162,2014-02-15,2014,Feb,Q1
SD163,2013-10-12,2013,Oct,Q4
SD164,2011-09-24,2011,Sep,Q3
SD165,2014-07-19,2014,Jul,Q3
SD166,2014-11-28,2014,Nov,Q4
SD167,2011-06-02,2011,Jun,Q2
SD168,2014-04-03,2014,Apr,Q2
SD169,2014-07-20,2014,Jul,Q3
SD170,2014-09-03,2014,Sep,Q3
SD171,2012-12-26,2012,Dec,Q4
SD172,2013-05-04,2013,May,Q2
SD173,2011-08-21,2011,Aug,Q3
SD174,2013-06-29,2013,Jun,Q2
SD175,2013-01-24,2013,Jan,Q1
SD176,2013-10-27,2013,Oct,Q4
SD177,2014-07-14,2014,Jul,Q3
SD178,2013-12-29,2013,Dec,Q4
SD179,2014-09-01,2014,Sep,Q3
SD180,2011-11-22,2011,Nov,Q4
SD181,2011-06-11,2011,Jun,Q2
SD182,2011-10-13,2011,Oct,Q4
SD183,2013-06-10,2013,Jun,Q2
SD184,2014-12-17,2014,Dec,Q4
SD185,2014-10-17,2014,Oct,Q4
SD186,2014-06-11,2014,Jun,Q2
SD187,2011-02-16,2011,Feb,Q1
SD188,2014-06-22,2014,Jun,Q2
SD189,2013-09-22,2013,Sep,Q3
SD190,2011-08-09,2011,Aug,Q3
SD191,2011-06-21,2011,Jun,Q2
SD192,2012-08-04,2012,Aug,Q3
SD193,2012-07-16,2012,Jul,Q3
SD194,2013-08-02,2013,Aug,Q3
SD195,2014-05-25,2014,May,Q2
SD196,2011-02-15,2011,Feb,Q1
SD197,2013-09-27,2013,Sep,Q3
SD198,2014-06-04,2014,Jun,Q2
SD199,2013-10-03,2013,Oct,Q4
SD200,2011-07-20,2011,Jul,Q3
SD201,2013-07-28,2013,Jul,Q3
SD202,2014-11-03,2014,Nov,Q4
SD203,2013-07-30,2013,Jul,Q3
SD204,2014-10-11,2014,Oct,Q4
SD205,2013-12-06,2013,Dec,Q4
SD206,2014-11-10,2014,Nov,Q4
SD207,2011-09-23,2011,Sep,Q3
SD208,2011-06-24,2011,Jun,Q2
SD209,2014-05-13,2014,May,Q2
SD210,2014-09-27,2014,Sep,Q3
SD211,2014-11-29,2014,Nov,Q4
SD212,2012-04-01,2012,Apr,Q2
SD213,2011-11-15,2011,Nov,Q4
SD214,2012-08-06,2012,Aug,Q3
SD215,2014-12-26,2014,Dec,Q4
SD216,2014-07-04,2014,Jul,Q3
SD217,2013-01-27,2013,Jan,Q1
SD218,2011-05-25,2011,May,Q2
SD219,2014-10-01,2014,Oct,Q4
SD220,2011-11-08,2011,Nov,Q4
SD221,2014-01-30,2014,Jan,Q1
SD222,2014-09-19,2014,Sep,Q3
SD223,2012-12-05,2012,Dec,Q4
SD224,2011-12-24,2011,Dec,Q4
SD225,2013-05-30,2013,May,Q2
SD226,2011-04-30,2011,Apr,Q2
SD227,2011-10-11,2011,Oct,Q4
SD228,2013-09-24,2013,Sep,Q3
SD229,2011-09-21,2011,Sep,Q3
SD230,2014-06-07,2014,Jun,Q2
SD231,2014-04-17,2014,Apr,Q2
SD232,2012-11-24,2012,Nov,Q4
SD233,2014-03-08,2014,Mar,Q1
SD234,2012-07-28,2012,Jul,Q3
SD235,2014-11-09,2014,Nov,Q4
SD236,2014-11-24,2014,Nov,Q4
SD237,2011-06-14,2011,Jun,Q2
SD238,2012-09-19,2012,Sep,Q3
SD239,2011-11-25,2011,Nov,Q4
SD240,2012-08-12,2012,Aug,Q3
SD241,2013-03-23,2013,Mar,Q1
SD242,2014-01-04,2014,Jan,Q1
SD243,2012-10-09,2012,Oct,Q4
SD244,2012-08-07,2012,Aug,Q3
SD245,2012-10-02,2012,Oct,Q4
SD246,2014-03-29,2014,Mar,Q1
SD247,2014-11-21,2014,Nov,Q4
SD248,2011-12-01,2011,Dec,Q4
SD249,2012-11-27,2012,Nov,Q4
SD250,2012-12-06,2012,Dec,Q4
SD251,2012-12-24,2012,Dec,Q4
SD252,2012-09-15,2012,Sep,Q3
SD253,2013-11-07,2013,Nov,Q4
SD254,2013-11-18,2013,Nov,Q4
SD255,2013-04-10,2013,Apr,Q2
SD256,2014-09-02,2014,Sep,Q3
SD257,2012-12-15,2012,Dec,Q4
SD258,2011-04-04,2011,Apr,Q2
SD259,2012-02-08,2012,Feb,Q1
SD260,2013-06-01,2013,Jun,Q2
SD261,2012-09-01,2012,Sep,Q3
SD262,2011-06-17,2011,Jun,Q2
SD263,2014-08-31,2014,Aug,Q3
SD264,2014-03-23,2014,Mar,Q1
SD265,2012-08-28,2012,Aug,Q3
SD266,2014-08-19,2014,Aug,Q3
SD267,2013-08-04,2013,Aug,Q3
SD268,2013-06-13,2013,Jun,Q2
SD269,2014-12-27,2014,Dec,Q4
SD270,2012-12-18,2012,Dec,Q4
SD271,2012-02-26,2012,Feb,Q1
SD272,2014-10-13,2014,Oct,Q4
SD273,2014-04-23,2014,Apr,Q2
SD274,2013-06-17,2013,Jun,Q2
SD275,2013-09-20,2013,Sep,Q3
SD276,2014-12-03,2014,Dec,Q4
SD277,2014-06-26,2014,Jun,Q2
SD278,2011-08-20,2011,Aug,Q3
SD279,2014-01-16,2014,Jan,Q1
SD280,2012-12-30,2012,Dec,Q4
SD281,2014-09-25,2014,Sep,Q3
SD282,2011-01-13,2011,Jan,Q1
SD283,2013-10-10,2013,Oct,Q4
SD284,2014-05-04,2014,May,Q2
SD285,2011-09-30,2011,Sep,Q3
SD286,2014-06-28,2014,Jun,Q2
SD287,2011-04-08,2011,Apr,Q2
SD288,2014-08-09,2014,Aug,Q3
SD289,2013-11-22,2013,Nov,Q4
SD290,2014-02-16,2014,Feb,Q1
SD291,2012-08-19,2012,Aug,Q3
SD292,2012-09-02,2012,Sep,Q3
SD293,2011-09-12,2011,Sep,Q3
SD294,2012-08-11,2012,Aug,Q3
SD295,2013-02-22,2013,Feb,Q1
SD296,2014-04-12,2014,Apr,Q2
SD297,2012-06-20,2012,Jun,Q2
SD298,2014-01-02,2014,Jan,Q1
SD299,2014-07-01,2014,Jul,Q3
SD300,2012-01-18,2012,Jan,Q1
SD301,2012-06-14,2012,Jun,Q2
SD302,2014-03-22,2014,Mar,Q1
SD303,2012-11-17,2012,Nov,Q4
SD304,2013-12-01,2013,Dec,Q4
SD305,2014-05-19,2014,May,Q2
SD306,2014-12-24,2014,Dec,Q4
SD307,2013-09-14,2013,Sep,Q3
SD308,2013-01-13,2013,Jan,Q1
SD309,2014-06-27,2014,Jun,Q2
SD310,2014-02-11,2014,Feb,Q1
SD311,2014-06-05,2014,Jun,Q2
SD312,2014-04-18,2014,Apr,Q2
SD313,2014-02-27,2014,Feb,Q1
SD314,2013-12-25,2013,Dec,Q4
SD315,2014-06-19,2014,Jun,Q2
SD316,2014-03-17,2014,Mar,Q1
SD317,2014-06-12,2014,Jun,Q2
SD318,2012-12-07,2012,Dec,Q4
SD319,2013-06-18,2013,Jun,Q2
SD320,2014-11-07,2014,Nov,Q4
SD321,2013-08-20,2013,Aug,Q3
SD322,2011-06-05,2011,Jun,Q2
SD323,2011-07-15,2011,Jul,Q3
SD324,2011-10-03,2011,Oct,Q4
SD325,2011-10-24,2011,Oct,Q4
SD326,2011-11-20,2011,Nov,Q4
SD327,2014-07-18,2014,Jul,Q3
SD328,2012-02-09,2012,Feb,Q1
SD329,2011-01-27,2011,Jan,Q1
SD330,2012-08-05,2012,Aug,Q3
SD331,2014-10-31,2014,Oct,Q4
SD332,2012-03-04,2012,Mar,Q1
SD333,2012-06-12,2012,Jun,Q2
SD334,2011-02-26,2011,Feb,Q1
SD335,2014-09-17,2014,Sep,Q3
SD336,2013-07-27,2013,Jul,Q3
SD337,2013-04-01,2013,Apr,Q2
SD338,2013-11-05,2013,Nov,Q4
SD339,2013-05-06,2013,May,Q2
SD340,2014-05-12,2014,May,Q2
SD341,2011-09-10,2011,Sep,Q3
SD342,2012-04-26,2012,Apr,Q2
SD343,2013-11-04,2013,Nov,Q4
SD344,2011-04-17,2011,Apr,Q2
SD345,2014-05-26,2014,May,Q2
SD346,2014-11-04,2014,Nov,Q4
SD347,2013-04-14,2013,Apr,Q2
SD348,2013-11-11,2013,Nov,Q4
SD349,2012-10-17,2012,Oct,Q4
SD350,2012-10-16,2012,Oct,Q4
SD351,2014-02-03,2014,Feb,Q1
SD352,2013-12-10,2013,Dec,Q4
SD353,2013-09-23,2013,Sep,Q3
SD354,2013-01-05,2013,Jan,Q1
SD355,2014-12-31,2014,Dec,Q4
SD356,2013-11-19,2013,Nov,Q4
SD357,2011-09-17,2011,Sep,Q3
SD358,2014-05-15,2014,May,Q2
SD359,2014-09-11,2014,Sep,Q3
SD360,2013-06-19,2013,Jun,Q2
SD361,2013-11-30,2013,Nov,Q4
SD362,2014-02-14,2014,Feb,Q1
SD363,2013-08-07,2013,Aug,Q3
SD364,2011-03-25,2011,Mar,Q1
SD365,2014-05-07,2014,May,Q2
SD366,2013-06-22,2013,Jun,Q2
SD367,2014-08-28,2014,Aug,Q3
SD368,2012-05-29,2012,May,Q2
SD369,2014-05-21,2014,May,Q2
SD370,2013-04-30,2013,Apr,Q2
SD371,2014-10-15,2014,Oct,Q4
SD372,2012-05-13,2012,May,Q2
SD373,2013-06-24,2013,Jun,Q2
SD374,2012-05-06,2012,May,Q2
SD375,2014-12-12,2014,Dec,Q4
SD376,2011-12-11,2011,Dec,Q4
SD377,2013-09-15,2013,Sep,Q3
SD378,2011-03-05,2011,Mar,Q1
SD379,2012-01-06,2012,Jan,Q1
SD380,2012-11-03,2012,Nov,Q4
SD381,2013-08-17,2013,Aug,Q3
SD382,2014-10-06,2014,Oct,Q4
SD383,2014-03-03,2014,Mar,Q1
SD384,2014-07-08,2014,Jul,Q3
SD385,2012-05-21,2012,May,Q2
SD386,2011-08-06,2011,Aug,Q3
SD387,2013-02-16,2013,Feb,Q1
SD388,2012-05-23,2012,May,Q2
SD389,2013-08-21,2013,Aug,Q3
SD390,2014-05-31,2014,May,Q2
SD391,2012-08-29,2012,Aug,Q3
SD392,2014-07-05,2014,Jul,Q3
SD393,2012-03-17,2012,Mar,Q1
SD394,2014-10-04,2014,Oct,Q4
SD395,2014-08-12,2014,Aug,Q3
SD396,2013-09-09,2013,Sep,Q3
SD397,2011-11-02,2011,Nov,Q4
SD398,2012-10-21,2012,Oct,Q4
SD399,2014-02-18,2014,Feb,Q1
SD400,2012-02-29,2012,Feb,Q1
SD401,2012-12-10,2012,Dec,Q4
SD402,2012-12-14,2012,Dec,Q4
SD403,2014-06-21,2014,Jun,Q2
SD404,2012-12-22,2012,Dec,Q4
SD405,2014-05-17,2014,May,Q2
SD406,2014-12-22,2014,Dec,Q4
SD407,2014-11-11,2014,Nov,Q4
SD408,2013-06-14,2013,Jun,Q2
SD409,2012-05-12,2012,May,Q2
SD410,2013-09-13,2013,Sep,Q3
SD411,2014-10-14,2014,Oct,Q4
SD412,2013-05-12,2013,May,Q2
SD413,2013-10-15,2013,Oct,Q4
SD414,2011-03-13,2011,Mar,Q1
SD415,2012-12-23,2012,Dec,Q4
SD416,2012-06-22,2012,Jun,Q2
SD417,2013-02-09,2013,Feb,Q1
SD418,2012-06-26,2012,Jun,Q2
SD419,2011-09-05,2011,Sep,Q3
SD420,2011-12-13,2011,Dec,Q4
SD421,2014-04-16,2014,Apr,Q2
SD422,2014-11-17,2014,Nov,Q4
SD423,2011-09-02,2011,Sep,Q3
SD424,2014-08-07,2014,Aug,Q3
SD425,2012-05-09,2012,May,Q2
SD426,2012-08-31,2012,Aug,Q3
SD427,2013-01-31,2013,Jan,Q1
SD428,2012-12-04,2012,Dec,Q4
SD429,2013-05-23,2013,May,Q2
SD430,2011-05-10,2011,May,Q2
SD431,2011-10-29,2011,Oct,Q4
SD432,2013-07-04,2013,Jul,Q3
SD433,2012-12-27,2012,Dec,Q4
SD434,2012-05-10,2012,May,Q2
SD435,2011-01-12,2011,Jan,Q1
SD436,2013-10-22,2013,Oct,Q4
SD437,2012-07-09,2012,Jul,Q3
SD438,2011-06-20,2011,Jun,Q2
SD439,2012-01-11,2012,Jan,Q1
SD440,2013-08-16,2013,Aug,Q3
SD441,2012-04-14,2012,Apr,Q2
SD442,2013-02-14,2013,Feb,Q1
SD443,2014-10-07,2014,Oct,Q4
SD444,2014-10-08,2014,Oct,Q4
SD445,2014-04-27,2014,Apr,Q2
SD446,2011-05-08,2011,May,Q2
SD447,2011-10-10,2011,Oct,Q4
SD448,2014-11-16,2014,Nov,Q4
SD449,2014-11-19,2014,Nov,Q4
SD450,2013-04-08,2013,Apr,Q2
SD451,2014-10-12,2014,Oct,Q4
SD452,2013-06-07,2013,Jun,Q2
SD453,2012-08-22,2012,Aug,Q3
SD454,2011-08-30,2011,Aug,Q3
SD455,2014-10-18,2014,Oct,Q4
SD456,2013-12-21,2013,Dec,Q4
SD457,2012-06-25,2012,Jun,Q2
SD458,2012-05-25,2012,May,Q2
SD459,2013-05-03,2013,May,Q2
SD460,2012-06-15,2012,Jun,Q2
SD461,2014-11-22,2014,Nov,Q4
SD462,2011-11-30,2011,Nov,Q4
SD463,2012-08-24,2012,Aug,Q3
SD464,2011-09-27,2011,Sep,Q3
SD465,2013-10-19,2013,Oct,Q4
SD466,2013-05-16,2013,May,Q2
SD467,2011-10-01,2011,Oct,Q4
SD468,2013-10-24,2013,Oct,Q4
SD469,2014-08-14,2014,Aug,Q3
SD470,2013-05-08,2013,May,Q2
SD471,2013-07-15,2013,Jul,Q3
SD472,2014-12-06,2014,Dec,Q4
SD473,2014-01-13,2014,Jan,Q1
SD474,2014-12-04,2014,Dec,Q4
SD475,2013-01-21,2013,Jan,Q1
SD476,2011-11-21,2011,Nov,Q4
SD477,2014-12-28,2014,Dec,Q4
SD478,2014-08-15,2014,Aug,Q3
SD479,2013-01-10,2013,Jan,Q1
SD480,2013-03-04,2013,Mar,Q1
SD481,2013-12-20,2013,Dec,Q4
SD482,2012-07-04,2012,Jul,Q3
SD483,2013-07-03,2013,Jul,Q3
SD484,2012-07-07,2012,Jul,Q3
SD485,2011-04-13,2011,Apr,Q2
SD486,2013-05-09,2013,May,Q2
SD487,2013-10-09,2013,Oct,Q4
SD488,2012-11-23,2012,Nov,Q4
SD489,2013-11-08,2013,Nov,Q4
SD490,2013-11-24,2013,Nov,Q4
SD491,2015-01-03,2015,Jan,Q1
SD492,2013-03-09,2013,Mar,Q1
SD493,2013-03-19,2013,Mar,Q1
SD494,2012-03-23,2012,Mar,Q1
SD495,2014-05-29,2014,May,Q2
SD496,2013-06-16,2013,Jun,Q2
SD497,2011-10-18,2011,Oct,Q4
SD498,2014-06-20,2014,Jun,Q2
SD499,2013-12-11,2013,Dec,Q4
SD500,2013-10-14,2013,Oct,Q4
SD501,2011-12-28,2011,Dec,Q4
SD502,2011-03-12,2011,Mar,Q1
SD503,2014-01-29,2014,Jan,Q1
SD504,2014-06-18,2014,Jun,Q2
SD505,2013-01-11,2013,Jan,Q1
SD506,2014-02-04,2014,Feb,Q1
SD507,2011-06-27,2011,Jun,Q2
SD508,2014-07-26,2014,Jul,Q3
SD509,2013-10-01,2013,Oct,Q4
SD510,2014-03-28,2014,Mar,Q1
SD511,2014-06-01,2014,Jun,Q2
SD512,2014-06-17,2014,Jun,Q2
SD513,2011-11-16,2011,Nov,Q4
SD514,2013-06-05,2013,Jun,Q2
SD515,2014-02-21,2014,Feb,Q1
SD516,2011-08-19,2011,Aug,Q3
SD517,2012-03-11,2012,Mar,Q1
SD518,2012-11-04,2012,Nov,Q4
SD519,2015-01-01,2015,Jan,Q1
SD520,2012-09-28,2012,Sep,Q3
SD521,2013-02-23,2013,Feb,Q1
SD522,2014-11-26,2014,Nov,Q4
SD523,2014-09-29,2014,Sep,Q3
SD524,2014-09-04,2014,Sep,Q3
SD525,2011-11-03,2011,Nov,Q4
SD526,2014-04-20,2014,Apr,Q2
SD527,2011-02-25,2011,Feb,Q1
SD528,2014-12-05,2014,Dec,Q4
SD529,2013-07-11,2013,Jul,Q3
SD530,2014-01-01,2014,Jan,Q1
SD531,2012-03-30,2012,Mar,Q1
SD532,2014-02-02,2014,Feb,Q1
SD533,2012-06-02,2012,Jun,Q2
SD534,2013-01-04,2013,Jan,Q1
SD535,2012-11-25,2012,Nov,Q4
SD536,2011-12-17,2011,Dec,Q4
SD537,2014-06-23,2014,Jun,Q2
SD538,2013-05-25,2013,May,Q2
SD539,2011-12-31,2011,Dec,Q4
SD540,2011-08-29,2011,Aug,Q3
SD541,2014-09-06,2014,Sep,Q3
SD542,2014-10-02,2014,Oct,Q4
SD543,2015-01-02,2015,Jan,Q1
SD544,2014-01-25,2014,Jan,Q1
SD545,2013-07-18,2013,Jul,Q3
SD546,2011-03-03,2011,Mar,Q1
SD547,2014-03-31,2014,Mar,Q1
SD548,2013-06-06,2013,Jun,Q2
SD549,2011-05-23,2011,May,Q2
SD550,2011-11-07,2011,Nov,Q4
SD551,2012-01-07,2012,Jan,Q1
SD552,2011-01-24,2011,Jan,Q1
SD553,2014-12-14,2014,Dec,Q4
SD554,2014-03-07,2014,Mar,Q1
SD555,2013-12-24,2013,Dec,Q4
SD556,2014-11-13,2014,Nov,Q4
SD557,2011-06-13,2011,Jun,Q2
SD558,2011-10-21,2011,Oct,Q4
SD559,2012-04-30,2012,Apr,Q2
SD560,2012-04-21,2012,Apr,Q2
SD561,2012-07-01,2012,Jul,Q3
SD562,2012-08-20,2012,Aug,Q3
SD563,2014-08-18,2014,Aug,Q3
SD564,2011-06-25,2011,Jun,Q2
SD565,2014-05-10,2014,May,Q2
SD566,2014-08-08,2014,Aug,Q3
SD567,2011-08-23,2011,Aug,Q3
SD568,2013-04-07,2013,Apr,Q2
SD569,2014-09-07,2014,Sep,Q3
SD570,2014-05-22,2014,May,Q2
SD571,2013-04-25,2013,Apr,Q2
SD572,2014-03-14,2014,Mar,Q1
SD573,2012-09-16,2012,Sep,Q3
SD574,2014-12-13,2014,Dec,Q4
SD575,2011-12-10,2011,Dec,Q4
SD576,2013-12-12,2013,Dec,Q4
SD577,2013-12-17,2013,Dec,Q4
SD578,2012-04-27,2012,Apr,Q2
SD579,2012-12-03,2012,Dec,Q4
SD580,2014-07-02,2014,Jul,Q3
SD581,2014-01-22,2014,Jan,Q1
SD582,2012-01-26,2012,Jan,Q1
SD583,2012-07-12,2012,Jul,Q3
SD584,2014-12-01,2014,Dec,Q4
SD585,2012-12-09,2012,Dec,Q4
SD586,2012-12-21,2012,Dec,Q4
SD587,2014-05-16,2014,May,Q2
SD588,2013-11-09,2013,Nov,Q4
SD589,2011-11-13,2011,Nov,Q4
SD590,2013-04-11,2013,Apr,Q2
SD591,2014-06-13,2014,Jun,Q2
SD592,2014-07-09,2014,Jul,Q3
SD593,2013-05-05,2013,May,Q2
SD594,2011-09-18,2011,Sep,Q3
SD595,2012-04-04,2012,Apr,Q2
SD596,2011-06-28,2011,Jun,Q2
SD597,2014-09-26,2014,Sep,Q3
SD598,2011-03-21,2011,Mar,Q1
SD599,2012-10-31,2012,Oct,Q4
SD600,2013-10-08,2013,Oct,Q4
SD601,2012-11-15,2012,Nov,Q4
SD602,2012-01-30,2012,Jan,Q1
SD603,2013-12-07,2013,Dec,Q4
SD604,2014-12-21,2014,Dec,Q4
SD605,2013-10-20,2013,Oct,Q4
SD606,2014-03-30,2014,Mar,Q1
SD607,2014-01-08,2014,Jan,Q1
SD608,2014-10-05,2014,Oct,Q4
SD609,2014-10-20,2014,Oct,Q4
SD610,2012-10-25,2012,Oct,Q4
SD611,2011-09-26,2011,Sep,Q3
SD612,2011-11-18,2011,Nov,Q4
SD613,2011-10-06,2011,Oct,Q4
SD614,2012-03-15,2012,Mar,Q1
SD615,2014-10-22,2014,Oct,Q4
SD616,2013-03-18,2013,Mar,Q1
SD617,2014-07-16,2014,Jul,Q3
SD618,2012-04-25,2012,Apr,Q2
SD619,2013-10-17,2013,Oct,Q4
SD620,2011-08-08,2011,Aug,Q3
SD621,2011-11-19,2011,Nov,Q4
SD622,2012-01-10,2012,Jan,Q1
SD623,2014-10-10,2014,Oct,Q4
SD624,2012-08-30,2012,Aug,Q3
SD625,2012-06-11,2012,Jun,Q2
SD626,2013-10-05,2013,Oct,Q4
SD627,2011-12-19,2011,Dec,Q4
SD628,2012-10-29,2012,Oct,Q4
SD629,2013-02-25,2013,Feb,Q1
SD630,2014-09-12,2014,Sep,Q3
SD631,2012-03-19,2012,Mar,Q1
SD632,2011-07-04,2011,Jul,Q3
SD633,2012-09-12,2012,Sep,Q3
SD634,2012-02-11,2012,Feb,Q1
SD635,2013-06-12,2013,Jun,Q2
SD636,2013-02-15,2013,Feb,Q1
SD637,2011-05-14,2011,May,Q2
SD638,2013-10-29,2013,Oct,Q4
SD639,2013-08-14,2013,Aug,Q3
SD640,2014-06-30,2014,Jun,Q2
SD641,2014-05-30,2014,May,Q2
SD642,2013-05-24,2013,May,Q2
SD643,2011-08-15,2011,Aug,Q3
SD644,2011-05-05,2011,May,Q2
SD645,2013-08-27,2013,Aug,Q3
SD646,2012-10-07,2012,Oct,Q4
SD647,2013-06-26,2013,Jun,Q2
SD648,2014-04-24,2014,Apr,Q2
SD649,2013-11-20,2013,Nov,Q4
SD650,2012-03-12,2012,Mar,Q1
SD651,2013-06-04,2013,Jun,Q2
SD652,2013-06-20,2013,Jun,Q2
SD653,2012-09-25,2012,Sep,Q3
SD654,2014-08-20,2014,Aug,Q3
SD655,2014-08-26,2014,Aug,Q3
SD656,2013-08-13,2013,Aug,Q3
SD657,2013-01-26,2013,Jan,Q1
SD658,2011-06-03,2011,Jun,Q2
SD659,2011-09-13,2011,Sep,Q3
SD660,2014-11-12,2014,Nov,Q4
SD661,2011-08-07,2011,Aug,Q3
SD662,2013-10-30,2013,Oct,Q4
SD663,2011-02-14,2011,Feb,Q1
SD664,2011-06-26,2011,Jun,Q2
SD665,2014-10-28,2014,Oct,Q4
SD666,2014-11-27,2014,Nov,Q4
SD667,2012-09-14,2012,Sep,Q3
SD668,2011-03-31,2011,Mar,Q1
SD669,2013-11-26,2013,Nov,Q4
SD670,2012-10-08,2012,Oct,Q4
SD671,2013-01-08,2013,Jan,Q1
SD672,2011-05-19,2011,May,Q2
SD673,2012-10-03,2012,Oct,Q4
SD674,2014-11-18,2014,Nov,Q4
SD675,2012-04-23,2012,Apr,Q2
SD676,2013-02-10,2013,Feb,Q1
SD677,2014-01-24,2014,Jan,Q1
SD678,2011-02-28,2011,Feb,Q1
SD679,2012-11-14,2012,Nov,Q4
SD680,2011-07-02,2011,Jul,Q3
SD681,2012-11-05,2012,Nov,Q4
SD682,2013-07-14,2013,Jul,Q3
SD683,2012-03-09,2012,Mar,Q1
SD684,2012-09-08,2012,Sep,Q3
SD685,2011-06-09,2011,Jun,Q2
SD686,2011-12-05,2011,Dec,Q4
SD687,2013-07-07,2013,Jul,Q3
SD688,2014-06-02,2014,Jun,Q2
SD689,2013-01-09,2013,Jan,Q1
SD690,2011-09-06,2011,Sep,Q3
SD691,2011-05-02,2011,May,Q2
SD692,2012-09-04,2012,Sep,Q3
SD693,2013-09-16,2013,Sep,Q3
SD694,2014-01-03,2014,Jan,Q1
SD695,2014-10-09,2014,Oct,Q4
SD696,2013-08-08,2013,Aug,Q3
SD697,2011-07-24,2011,Jul,Q3
SD698,2013-02-01,2013,Feb,Q1
SD699,2012-12-25,2012,Dec,Q4
SD700,2013-05-29,2013,May,Q2
SD701,2014-02-22,2014,Feb,Q1
SD702,2013-05-31,2013,May,Q2
SD703,2012-12-19,2012,Dec,Q4
SD704,2011-01-09,2011,Jan,Q1
SD705,2013-07-10,2013,Jul,Q3
SD706,2011-12-06,2011,Dec,Q4
SD707,2012-07-06,2012,Jul,Q3
SD708,2011-10-08,2011,Oct,Q4
SD709,2014-08-02,2014,Aug,Q3
SD710,2014-06-29,2014,Jun,Q2
SD711,2012-07-27,2012,Jul,Q3
SD712,2013-07-05,2013,Jul,Q3
SD713,2012-01-20,2012,Jan,Q1
SD714,2012-07-02,2012,Jul,Q3
SD715,2012-05-05,2012,May,Q2
SD716,2012-11-12,2012,Nov,Q4
SD717,2011-01-19,2011,Jan,Q1
SD718,2013-12-23,2013,Dec,Q4
SD719,2014-07-10,2014,Jul,Q3
SD720,2012-06-08,2012,Jun,Q2
SD721,2013-08-23,2013,Aug,Q3
SD722,2013-08-25,2013,Aug,Q3
SD723,2014-02-07,2014,Feb,Q1
SD724,2012-10-26,2012,Oct,Q4
SD725,2012-05-17,2012,May,Q2
SD726,2014-05-03,2014,May,Q2
SD727,2014-05-28,2014,May,Q2
SD728,2014-08-05,2014,Aug,Q3
SD729,2011-11-14,2011,Nov,Q4
SD730,2011-08-02,2011,Aug,Q3
SD731,2012-07-03,2012,Jul,Q3
SD732,2014-03-19,2014,Mar,Q1
SD733,2014-12-09,2014,Dec,Q4
SD734,2014-09-09,2014,Sep,Q3
SD735,2011-07-05,2011,Jul,Q3
SD736,2013-09-02,2013,Sep,Q3
SD737,2013-11-28,2013,Nov,Q4
SD738,2011-07-31,2011,Jul,Q3
SD739,2012-04-02,2012,Apr,Q2
SD740,2012-02-19,2012,Feb,Q1
SD741,2014-10-26,2014,Oct,Q4
SD742,2014-04-01,2014,Apr,Q2
SD743,2014-11-30,2014,Nov,Q4
SD744,2012-10-12,2012,Oct,Q4
SD745,2011-06-01,2011,Jun,Q2
SD746,2013-08-28,2013,Aug,Q3
SD747,2014-02-08,2014,Feb,Q1
SD748,2012-05-27,2012,May,Q2
SD749,2013-08-15,2013,Aug,Q3
SD750,2013-03-10,2013,Mar,Q1
SD751,2014-11-01,2014,Nov,Q4
SD752,2014-09-22,2014,Sep,Q3
SD753,2014-10-16,2014,Oct,Q4
SD754,2013-05-19,2013,May,Q2
SD755,2013-07-26,2013,Jul,Q3
SD756,2011-06-10,2011,Jun,Q2
SD757,2013-11-13,2013,Nov,Q4
SD758,2014-08-04,2014,Aug,Q3
SD759,2013-11-01,2013,Nov,Q4
SD760,2011-10-07,2011,Oct,Q4
SD761,2013-12-08,2013,Dec,Q4
SD762,2012-09-24,2012,Sep,Q3
SD763,2012-04-07,2012,Apr,Q2
SD764,2011-06-04,2011,Jun,Q2
SD765,2011-05-18,2011,May,Q2
SD766,2011-12-25,2011,Dec,Q4
SD767,2011-06-22,2011,Jun,Q2
SD768,2014-12-23,2014,Dec,Q4
SD769,2012-09-06,2012,Sep,Q3
SD770,2013-09-30,2013,Sep,Q3
SD771,2013-08-09,2013,Aug,Q3
SD772,2014-06-09,2014,Jun,Q2
SD773,2013-08-24,2013,Aug,Q3
SD774,2014-11-08,2014,Nov,Q4
SD775,2014-12-02,2014,Dec,Q4
SD776,2013-12-05,2013,Dec,Q4
SD777,2014-05-09,2014,May,Q2
SD778,2012-02-23,2012,Feb,Q1
SD779,2011-07-30,2011,Jul,Q3
SD780,2012-01-16,2012,Jan,Q1
SD781,2012-11-20,2012,Nov,Q4
SD782,2013-10-28,2013,Oct,Q4
SD783,2013-05-21,2013,May,Q2
SD784,2011-07-03,2011,Jul,Q3
SD785,2014-08-22,2014,Aug,Q3
SD786,2011-12-12,2011,Dec,Q4
SD787,2014-04-07,2014,Apr,Q2
SD788,2014-05-20,2014,May,Q2
SD789,2014-04-25,2014,Apr,Q2
SD790,2014-07-30,2014,Jul,Q3
SD791,2014-07-29,2014,Jul,Q3
SD792,2014-03-05,2014,Mar,Q1
SD793,2014-06-16,2014,Jun,Q2
SD794,2012-01-13,2012,Jan,Q1
SD795,2014-01-27,2014,Jan,Q1
SD796,2014-10-03,2014,Oct,Q4
SD797,2013-04-13,2013,Apr,Q2
SD798,2014-02-19,2014,Feb,Q1
SD799,2012-06-24,2012,Jun,Q2
SD800,2014-12-18,2014,Dec,Q4
SD801,2011-08-03,2011,Aug,Q3
SD802,2013-08-11,2013,Aug,Q3
SD803,2012-08-23,2012,Aug,Q3
SD804,2012-01-14,2012,Jan,Q1
SD805,2013-12-16,2013,Dec,Q4
SD806,2013-03-27,2013,Mar,Q1
SD807,2013-09-06,2013,Sep,Q3
SD808,2014-09-16,2014,Sep,Q3
SD809,2013-04-15,2013,Apr,Q2
SD810,2013-06-28,2013,Jun,Q2
SD811,2014-02-28,2014,Feb,Q1
SD812,2013-05-13,2013,May,Q2
SD813,2014-02-25,2014,Feb,Q1
SD814,2013-08-18,2013,Aug,Q3
SD815,2012-11-26,2012,Nov,Q4
SD816,2012-10-13,2012,Oct,Q4
SD817,2013-07-12,2013,Jul,Q3
SD818,2013-06-30,2013,Jun,Q2
SD819,2012-08-26,2012,Aug,Q3
SD820,2012-03-31,2012,Mar,Q1
SD821,2011-10-02,2011,Oct,Q4
SD822,2012-03-28,2012,Mar,Q1
SD823,2011-07-09,2011,Jul,Q3
SD824,2014-11-02,2014,Nov,Q4
SD825,2012-09-10,2012,Sep,Q3
SD826,2013-07-29,2013,Jul,Q3
SD827,2013-01-18,2013,Jan,Q1
SD828,2014-12-29,2014,Dec,Q4
SD829,2011-03-04,2011,Mar,Q1
SD830,2013-05-17,2013,May,Q2
SD831,2014-07-27,2014,Jul,Q3
SD832,2012-06-30,2012,Jun,Q2
SD833,2013-02-11,2013,Feb,Q1
SD834,2012-03-26,2012,Mar,Q1
SD835,2014-05-24,2014,May,Q2
SD836,2011-04-20,2011,Apr,Q2
SD837,2011-09-20,2011,Sep,Q3
SD838,2011-07-14,2011,Jul,Q3
SD839,2014-08-13,2014,Aug,Q3
SD840,2012-01-19,2012,Jan,Q1
SD841,2014-10-29,2014,Oct,Q4
SD842,2011-12-27,2011,Dec,Q4
SD843,2012-06-06,2012,Jun,Q2
SD844,2013-12-13,2013,Dec,Q4
SD845,2014-12-30,2014,Dec,Q4
SD846,2013-11-12,2013,Nov,Q4
SD847,2012-12-11,2012,Dec,Q4
SD848,2011-02-21,2011,Feb,Q1
SD849,2014-07-06,2014,Jul,Q3
SD850,2013-08-19,2013,Aug,Q3
SD851,2013-04-06,2013,Apr,Q2
SD852,2013-02-06,2013,Feb,Q1
SD853,2011-04-25,2011,Apr,Q2
SD854,2011-09-08,2011,Sep,Q3
SD855,2014-01-05,2014,Jan,Q1
SD856,2011-01-22,2011,Jan,Q1
SD857,2013-09-21,2013,Sep,Q3
SD858,2014-02-09,2014,Feb,Q1
SD859,2011-09-01,2011,Sep,Q3
SD860,2012-07-26,2012,Jul,Q3
SD861,2011-11-01,2011,Nov,Q4
SD862,2013-02-18,2013,Feb,Q1
SD863,2014-04-26,2014,Apr,Q2
SD864,2012-02-06,2012,Feb,Q1
SD865,2011-08-22,2011,Aug,Q3
SD866,2014-04-30,2014,Apr,Q2
SD867,2011-07-22,2011,Jul,Q3
SD868,2012-11-06,2012,Nov,Q4
SD869,2013-09-19,2013,Sep,Q3
SD870,2014-05-23,2014,May,Q2
SD871,2012-04-12,2012,Apr,Q2
SD872,2013-07-20,2013,Jul,Q3
SD873,2014-04-02,2014,Apr,Q2
SD874,2013-01-06,2013,Jan,Q1
SD875,2012-10-30,2012,Oct,Q4
SD876,2011-02-05,2011,Feb,Q1
SD877,2011-08-18,2011,Aug,Q3
SD878,2012-07-22,2012,Jul,Q3
SD879,2011-12-26,2011,Dec,Q4
SD880,2011-11-10,2011,Nov,Q4
SD881,2011-11-26,2011,Nov,Q4
SD882,2011-12-18,2011,Dec,Q4
SD883,2013-12-28,2013,Dec,Q4
SD884,2012-07-08,2012,Jul,Q3
SD885,2012-09-27,2012,Sep,Q3
SD886,2011-03-27,2011,Mar,Q1
SD887,2012-08-13,2012,Aug,Q3
SD888,2012-07-13,2012,Jul,Q3
SD889,2014-05-27,2014,May,Q2
SD890,2011-03-06,2011,Mar,Q1
SD891,2012-12-31,2012,Dec,Q4
SD892,2013-08-22,2013,Aug,Q3
SD893,2011-06-07,2011,Jun,Q2
SD894,2014-10-24,2014,Oct,Q4
SD895,2013-06-23,2013,Jun,Q2
SD896,2013-09-18,2013,Sep,Q3
SD897,2012-03-24,2012,Mar,Q1
SD898,2013-07-24,2013,Jul,Q3
SD899,2012-12-16,2012,Dec,Q4
SD900,2013-01-01,2013,Jan,Q1
SD901,2012-10-24,2012,Oct,Q4
SD902,2011-07-13,2011,Jul,Q3
SD903,2013-08-10,2013,Aug,Q3
SD904,2014-02-06,2014,Feb,Q1
SD905,2013-01-16,2013,Jan,Q1
SD906,2011-06-08,2011,Jun,Q2
SD907,2013-07-31,2013,Jul,Q3
SD908,2013-04-18,2013,Apr,Q2
SD909,2011-10-15,2011,Oct,Q4
SD910,2012-09-17,2012,Sep,Q3
SD911,2012-08-27,2012,Aug,Q3
SD912,2012-04-20,2012,Apr,Q2
SD913,2011-01-16,2011,Jan,Q1
SD914,2011-01-23,2011,Jan,Q1
SD915,2011-05-15,2011,May,Q2
SD916,2012-06-09,2012,Jun,Q2
SD917,2013-01-14,2013,Jan,Q1
SD918,2012-03-27,2012,Mar,Q1
SD919,2012-08-18,2012,Aug,Q3
SD920,2012-06-03,2012,Jun,Q2
SD921,2011-01-21,2011,Jan,Q1
SD922,2012-01-27,2012,Jan,Q1
SD923,2011-06-12,2011,Jun,Q2
SD924,2014-04-28,2014,Apr,Q2
SD925,2012-11-02,2012,Nov,Q4
SD926,2012-05-30,2012,May,Q2
SD927,2013-05-11,2013,May,Q2
SD928,2012-05-18,2012,May,Q2
SD929,2013-11-03,2013,Nov,Q4
SD930,2012-11-07,2012,Nov,Q4
SD931,2013-05-02,2013,May,Q2
SD932,2012-06-18,2012,Jun,Q2
SD933,2011-09-07,2011,Sep,Q3
SD934,2012-10-04,2012,Oct,Q4
SD935,2012-05-15,2012,May,Q2
SD936,2011-12-16,2011,Dec,Q4
SD937,2014-03-01,2014,Mar,Q1
SD938,2012-11-18,2012,Nov,Q4
SD939,2011-06-06,2011,Jun,Q2
SD940,2011-08-16,2011,Aug,Q3
SD941,2011-04-06,2011,Apr,Q2
SD942,2013-09-28,2013,Sep,Q3
SD943,2011-10-20,2011,Oct,Q4
SD944,2011-04-16,2011,Apr,Q2
SD945,2012-01-01,2012,Jan,Q1
SD946,2014-05-06,2014,May,Q2
SD947,2013-10-16,2013,Oct,Q4
SD948,2014-03-26,2014,Mar,Q1
SD949,2012-01-04,2012,Jan,Q1
SD950,2014-03-15,2014,Mar,Q1
SD951,2013-01-02,2013,Jan,Q1
SD952,2013-09-25,2013,Sep,Q3
SD953,2014-10-19,2014,Oct,Q4
SD954,2013-11-17,2013,Nov,Q4
SD955,2012-06-07,2012,Jun,Q2
SD956,2012-06-04,2012,Jun,Q2
SD957,2014-05-14,2014,May,Q2
SD958,2011-07-28,2011,Jul,Q3
SD959,2013-09-17,2013,Sep,Q3
SD960,2013-08-12,2013,Aug,Q3
SD961,2014-02-24,2014,Feb,Q1
SD962,2014-01-15,2014,Jan,Q1
SD963,2014-09-10,2014,Sep,Q3
SD964,2013-09-08,2013,Sep,Q3
SD965,2011-11-04,2011,Nov,Q4
SD966,2011-04-21,2011,Apr,Q2
SD967,2011-03-11,2011,Mar,Q1
SD968,2014-01-12,2014,Jan,Q1
SD969,2013-03-16,2013,Mar,Q1
SD970,2014-12-15,2014,Dec,Q4
SD971,2012-09-09,2012,Sep,Q3
SD972,2011-09-16,2011,Sep,Q3
SD973,2011-11-24,2011,Nov,Q4
SD974,2011-01-10,2011,Jan,Q1
SD975,2012-08-09,2012,Aug,Q3
SD976,2014-06-08,2014,Jun,Q2
SD977,2014-04-15,2014,Apr,Q2
SD978,2013-09-04,2013,Sep,Q3
SD979,2012-03-10,2012,Mar,Q1
SD980,2012-09-18,2012,Sep,Q3
SD981,2014-04-06,2014,Apr,Q2
SD982,2012-11-30,2012,Nov,Q4
SD983,2012-08-25,2012,Aug,Q3
SD984,2011-08-28,2011,Aug,Q3
SD985,2013-05-01,2013,May,Q2
SD986,2014-09-23,2014,Sep,Q3
SD987,2014-09-05,2014,Sep,Q3
SD988,2014-06-10,2014,Jun,Q2
SD989,2013-04-22,2013,Apr,Q2
SD990,2014-12-10,2014,Dec,Q4
SD991,2012-08-15,2012,Aug,Q3
SD992,2013-03-05,2013,Mar,Q1
SD993,2011-12-23,2011,Dec,Q4
SD994,2012-09-23,2012,Sep,Q3
SD995,2013-01-23,2013,Jan,Q1
SD996,2012-12-20,2012,Dec,Q4
SD997,2011-02-06,2011,Feb,Q1
SD998,2012-01-03,2012,Jan,Q1
SD999,2011-04-22,2011,Apr,Q2
SD1000,2012-05-02,2012,May,Q2
SD1001,2013-12-30,2013,Dec,Q4
SD1002,2011-10-19,2011,Oct,Q4
SD1003,2012-06-10,2012,Jun,Q2
SD1004,2014-10-27,2014,Oct,Q4
SD1005,2014-06-24,2014,Jun,Q2
SD1006,2013-11-15,2013,Nov,Q4
SD1007,2012-06-28,2012,Jun,Q2
SD1008,2011-11-12,2011,Nov,Q4
SD1009,2014-02-26,2014,Feb,Q1
SD1010,2012-05-20,2012,May,Q2
SD1011,2011-08-05,2011,Aug,Q3
SD1012,2012-09-26,2012,Sep,Q3
SD1013,2011-10-14,2011,Oct,Q4
SD1014,2013-01-17,2013,Jan,Q1
SD1015,2011-10-25,2011,Oct,Q4
SD1016,2013-03-17,2013,Mar,Q1
SD1017,2013-06-25,2013,Jun,Q2
SD1018,2011-01-03,2011,Jan,Q1
SD1019,2014-07-17,2014,Jul,Q3
SD1020,2014-02-13,2014,Feb,Q1
SD1021,2012-01-05,2012,Jan,Q1
SD1022,2012-07-17,2012,Jul,Q3
SD1023,2012-10-27,2012,Oct,Q4
SD1024,2013-02-26,2013,Feb,Q1
SD1025,2014-08-17,2014,Aug,Q3
SD1026,2013-02-27,2013,Feb,Q1
SD1027,2012-10-05,2012,Oct,Q4
SD1028,2013-04-29,2013,Apr,Q2
SD1029,2012-08-14,2012,Aug,Q3
SD1030,2014-03-24,2014,Mar,Q1
SD1031,2011-05-04,2011,May,Q2
SD1032,2014-03-16,2014,Mar,Q1
SD1033,2013-12-15,2013,Dec,Q4
SD1034,2011-12-04,2011,Dec,Q4
SD1035,2013-12-09,2013,Dec,Q4
SD1036,2013-12-31,2013,Dec,Q4
SD1037,2013-02-12,2013,Feb,Q1
SD1038,2013-10-25,2013,Oct,Q4
SD1039,2011-10-22,2011,Oct,Q4
SD1040,2013-08-31,2013,Aug,Q3
SD1041,2014-01-28,2014,Jan,Q1
SD1042,2012-03-01,2012,Mar,Q1
SD1043,2014-04-19,2014,Apr,Q2
SD1044,2012-06-27,2012,Jun,Q2
SD1045,2012-01-08,2012,Jan,Q1
SD1046,2011-11-29,2011,Nov,Q4
SD1047,2013-09-10,2013,Sep,Q3
SD1048,2013-11-02,2013,Nov,Q4
SD1049,2013-07-09,2013,Jul,Q3
SD1050,2011-07-19,2011,Jul,Q3
SD1051,2013-02-03,2013,Feb,Q1
SD1052,2012-02-13,2012,Feb,Q1
SD1053,2012-02-18,2012,Feb,Q1
SD1054,2011-04-07,2011,Apr,Q2
SD1055,2014-09-30,2014,Sep,Q3
SD1056,2012-06-21,2012,Jun,Q2
SD1057,2012-05-04,2012,May,Q2
SD1058,2012-04-19,2012,Apr,Q2
SD1059,2014-07-24,2014,Jul,Q3
SD1060,2012-03-02,2012,Mar,Q1
SD1061,2014-02-10,2014,Feb,Q1
SD1062,2011-05-07,2011,May,Q2
SD1063,2013-12-27,2013,Dec,Q4
SD1064,2013-10-13,2013,Oct,Q4
SD1065,2011-03-26,2011,Mar,Q1
SD1066,2011-03-30,2011,Mar,Q1
SD1067,2011-04-26,2011,Apr,Q2
SD1068,2012-04-15,2012,Apr,Q2
SD1069,2013-08-03,2013,Aug,Q3
SD1070,2013-12-19,2013,Dec,Q4
SD1071,2011-06-18,2011,Jun,Q2
SD1072,2012-04-11,2012,Apr,Q2
SD1073,2014-09-24,2014,Sep,Q3
SD1074,2014-06-25,2014,Jun,Q2
SD1075,2011-12-02,2011,Dec,Q4
SD1076,2014-04-21,2014,Apr,Q2
SD1077,2014-01-20,2014,Jan,Q1
SD1078,2012-02-10,2012,Feb,Q1
SD1079,2013-07-16,2013,Jul,Q3
SD1080,2011-04-24,2011,Apr,Q2
SD1081,2013-11-21,2013,Nov,Q4
SD1082,2013-05-27,2013,May,Q2
SD1083,2012-10-22,2012,Oct,Q4
SD1084,2014-04-11,2014,Apr,Q2
SD1085,2014-08-10,2014,Aug,Q3
SD1086,2014-07-11,2014,Jul,Q3
SD1087,2014-01-14,2014,Jan,Q1
SD1088,2011-11-28,2011,Nov,Q4
SD1089,2012-10-01,2012,Oct,Q4
SD1090,2013-11-16,2013,Nov,Q4
SD1091,2014-08-24,2014,Aug,Q3
SD1092,2013-06-11,2013,Jun,Q2
SD1093,2014-08-30,2014,Aug,Q3
SD1094,2013-10-07,2013,Oct,Q4
SD1095,2011-04-02,2011,Apr,Q2
SD1096,2012-02-28,2012,Feb,Q1
SD1097,2011-02-11,2011,Feb,Q1
SD1098,2012-06-16,2012,Jun,Q2
SD1099,2014-03-09,2014,Mar,Q1
SD1100,2013-04-09,2013,Apr,Q2
SD1101,2012-05-16,2012,May,Q2
SD1102,2014-10-23,2014,Oct,Q4
SD1103,2012-10-10,2012,Oct,Q4
SD1104,2011-07-08,2011,Jul,Q3
SD1105,2013-08-05,2013,Aug,Q3
SD1106,2011-08-13,2011,Aug,Q3
SD1107,2013-02-21,2013,Feb,Q1
SD1108,2014-03-04,2014,Mar,Q1
SD1109,2013-09-01,2013,Sep,Q3
SD1110,2013-11-14,2013,Nov,Q4
SD1111,2011-08-10,2011,Aug,Q3
SD1112,2014-06-03,2014,Jun,Q2
SD1113,2013-03-25,2013,Mar,Q1
SD1114,2014-07-03,2014,Jul,Q3
SD1115,2011-12-22,2011,Dec,Q4
SD1116,2012-03-21,2012,Mar,Q1
SD1117,2013-01-25,2013,Jan,Q1
SD1118,2011-12-07,2011,Dec,Q4
SD1119,2013-03-22,2013,Mar,Q1
SD1120,2013-07-08,2013,Jul,Q3
SD1121,2014-01-10,2014,Jan,Q1
SD1122,2011-10-04,2011,Oct,Q4
SD1123,2014-05-05,2014,May,Q2
SD1124,2011-11-27,2011,Nov,Q4
SD1125,2013-06-03,2013,Jun,Q2
SD1126,2014-03-27,2014,Mar,Q1
SD1127,2012-11-01,2012,Nov,Q4
SD1128,2011-09-19,2011,Sep,Q3
SD1129,2014-05-11,2014,May,Q2
SD1130,2011-12-09,2011,Dec,Q4
SD1131,2012-05-01,2012,May,Q2
SD1132,2011-05-06,2011,May,Q2
SD1133,2012-01-17,2012,Jan,Q1
SD1134,2013-01-12,2013,Jan,Q1
SD1135,2012-09-11,2012,Sep,Q3
SD1136,2013-06-21,2013,Jun,Q2
SD1137,2014-08-21,2014,Aug,Q3
SD1138,2012-11-11,2012,Nov,Q4
SD1139,2011-03-08,2011,Mar,Q1
SD1140,2013-03-20,2013,Mar,Q1
SD1141,2011-07-23,2011,Jul,Q3
SD1142,2011-04-27,2011,Apr,Q2
SD1143,2014-08-11,2014,Aug,Q3
SD1144,2012-11-29,2012,Nov,Q4
SD1145,2013-05-10,2013,May,Q2
SD1146,2012-05-14,2012,May,Q2
SD1147,2012-12-13,2012,Dec,Q4
SD1148,2011-04-23,2011,Apr,Q2
SD1149,2012-02-22,2012,Feb,Q1
SD1150,2014-04-04,2014,Apr,Q2
SD1151,2011-09-11,2011,Sep,Q3
SD1152,2013-07-17,2013,Jul,Q3
SD1153,2013-10-06,2013,Oct,Q4
SD1154,2013-05-14,2013,May,Q2
SD1155,2013-07-06,2013,Jul,Q3
SD1156,2012-10-23,2012,Oct,Q4
SD1157,2013-07-25,2013,Jul,Q3
SD1158,2013-03-14,2013,Mar,Q1
SD1159,2013-09-29,2013,Sep,Q3
SD1160,2012-02-17,2012,Feb,Q1
SD1161,2012-06-23,2012,Jun,Q2
SD1162,2012-09-03,2012,Sep,Q3
SD1163,2013-02-28,2013,Feb,Q1
SD1164,2012-11-22,2012,Nov,Q4
SD1165,2014-01-17,2014,Jan,Q1
SD1166,2011-01-26,2011,Jan,Q1
SD1167,2014-01-09,2014,Jan,Q1
SD1168,2014-04-10,2014,Apr,Q2
SD1169,2014-06-15,2014,Jun,Q2
SD1170,2011-04-03,2011,Apr,Q2
SD1171,2011-04-11,2011,Apr,Q2
SD1172,2012-01-02,2012,Jan,Q1
SD1173,2013-04-24,2013,Apr,Q2
SD1174,2012-07-14,2012,Jul,Q3
SD1175,2011-06-29,2011,Jun,Q2
SD1176,2012-12-29,2012,Dec,Q4
SD1177,2012-11-16,2012,Nov,Q4
SD1178,2013-07-21,2013,Jul,Q3
SD1179,2014-09-15,2014,Sep,Q3
SD1180,2011-04-01,2011,Apr,Q2
SD1181,2014-07-07,2014,Jul,Q3
SD1182,2014-05-02,2014,May,Q2
SD1183,2011-05-28,2011,May,Q2
SD1184,2011-03-24,2011,Mar,Q1
SD1185,2013-10-23,2013,Oct,Q4
SD1186,2013-10-11,2013,Oct,Q4
SD1187,2012-10-19,2012,Oct,Q4
SD1188,2011-08-26,2011,Aug,Q3
SD1189,2014-02-23,2014,Feb,Q1
SD1190,2011-10-05,2011,Oct,Q4
SD1191,2011-04-19,2011,Apr,Q2
SD1192,2012-01-29,2012,Jan,Q1
SD1193,2012-04-28,2012,Apr,Q2
SD1194,2011-01-20,2011,Jan,Q1
SD1195,2011-05-27,2011,May,Q2
SD1196,2013-03-30,2013,Mar,Q1
SD1197,2012-02-27,2012,Feb,Q1
SD1198,2011-10-16,2011,Oct,Q4
SD1199,2011-07-17,2011,Jul,Q3
SD1200,2013-02-02,2013,Feb,Q1
SD1201,2013-04-03,2013,Apr,Q2
SD1202,2012-11-10,2012,Nov,Q4
SD1203,2011-03-10,2011,Mar,Q1
SD1204,2012-09-05,2012,Sep,Q3
SD1205,2013-10-21,2013,Oct,Q4
SD1206,2013-07-22,2013,Jul,Q3
SD1207,2014-07-31,2014,Jul,Q3
SD1208,2011-01-18,2011,Jan,Q1
SD1209,2011-07-27,2011,Jul,Q3
SD1210,2013-04-20,2013,Apr,Q2
SD1211,2012-04-03,2012,Apr,Q2
SD1212,2011-04-18,2011,Apr,Q2
SD1213,2014-03-11,2014,Mar,Q1
SD1214,2012-07-10,2012,Jul,Q3
SD1215,2014-03-02,2014,Mar,Q1
SD1216,2011-05-24,2011,May,Q2
SD1217,2013-04-26,2013,Apr,Q2
SD1218,2012-05-03,2012,May,Q2
SD1219,2013-04-27,2013,Apr,Q2
SD1220,2013-09-26,2013,Sep,Q3
SD1221,2011-08-14,2011,Aug,Q3
SD1222,2012-07-18,2012,Jul,Q3
SD1223,2014-07-21,2014,Jul,Q3
SD1224,2011-08-04,2011,Aug,Q3
SD1225,2014-04-22,2014,Apr,Q2
SD1226,2012-04-16,2012,Apr,Q2
SD1227,2011-03-09,2011,Mar,Q1
SD1228,2011-05-30,2011,May,Q2
SD1229,2012-03-18,2012,Mar,Q1
SD1230,2014-02-20,2014,Feb,Q1
SD1231,2011-10-23,2011,Oct,Q4
SD1232,2011-10-27,2011,Oct,Q4
SD1233,2013-04-05,2013,Apr,Q2
SD1234,2012-10-20,2012,Oct,Q4
SD1235,2012-09-20,2012,Sep,Q3
SD1236,2013-03-24,2013,Mar,Q1
SD1237,2011-03-01,2011,Mar,Q1
SD1238,2011-01-07,2011,Jan,Q1
SD1239,2013-03-02,2013,Mar,Q1
SD1240,2012-04-13,2012,Apr,Q2
SD1241,2012-12-12,2012,Dec,Q4
SD1242,2011-09-03,2011,Sep,Q3
SD1243,2013-01-22,2013,Jan,Q1
SD1244,2011-03-22,2011,Mar,Q1
SD1245,2014-06-06,2014,Jun,Q2
SD1246,2012-10-18,2012,Oct,Q4
SD1247,2012-07-11,2012,Jul,Q3
SD1248,2014-01-31,2014,Jan,Q1
SD1249,2014-04-14,2014,Apr,Q2
SD1250,2012-03-16,2012,Mar,Q1
SD1251,2012-11-19,2012,Nov,Q4
SD1252,2013-10-26,2013,Oct,Q4
SD1253,2012-05-24,2012,May,Q2
SD1254,2013-02-04,2013,Feb,Q1
SD1255,2012-07-25,2012,Jul,Q3
SD1256,2011-10-30,2011,Oct,Q4
SD1257,2011-05-13,2011,May,Q2
SD1258,2011-02-20,2011,Feb,Q1
SD1259,2013-02-17,2013,Feb,Q1
SD1260,2011-07-16,2011,Jul,Q3
SD1261,2013-07-13,2013,Jul,Q3
SD1262,2012-01-09,2012,Jan,Q1
SD1263,2014-01-26,2014,Jan,Q1
SD1264,2011-07-26,2011,Jul,Q3
SD1265,2013-03-11,2013,Mar,Q1
SD1266,2014-06-14,2014,Jun,Q2
SD1267,2011-05-12,2011,May,Q2
SD1268,2011-05-31,2011,May,Q2
SD1269,2012-01-21,2012,Jan,Q1
SD1270,2012-06-01,2012,Jun,Q2
SD1271,2012-01-23,2012,Jan,Q1
SD1272,2013-04-12,2013,Apr,Q2
SD1273,2011-03-19,2011,Mar,Q1
SD1274,2013-01-19,2013,Jan,Q1
SD1275,2014-07-15,2014,Jul,Q3
SD1276,2014-07-12,2014,Jul,Q3
SD1277,2012-08-17,2012,Aug,Q3
SD1278,2011-02-02,2011,Feb,Q1
SD1279,2013-07-02,2013,Jul,Q3
SD1280,2013-03-28,2013,Mar,Q1
SD1281,2011-04-12,2011,Apr,Q2
SD1282,2011-06-30,2011,Jun,Q2
SD1283,2011-05-29,2011,May,Q2
SD1284,2011-08-27,2011,Aug,Q3
SD1285,2013-05-18,2013,May,Q2
SD1286,2011-08-24,2011,Aug,Q3
SD1287,2012-06-29,2012,Jun,Q2
SD1288,2012-04-24,2012,Apr,Q2
SD1289,2012-11-09,2012,Nov,Q4
SD1290,2011-02-24,2011,Feb,Q1
SD1291,2012-03-05,2012,Mar,Q1
SD1292,2011-03-23,2011,Mar,Q1
SD1293,2013-08-06,2013,Aug,Q3
SD1294,2013-03-29,2013,Mar,Q1
SD1295,2012-11-28,2012,Nov,Q4
SD1296,2012-03-25,2012,Mar,Q1
SD1297,2014-01-06,2014,Jan,Q1
SD1298,2012-02-12,2012,Feb,Q1
SD1299,2013-07-23,2013,Jul,Q3
SD1300,2011-05-16,2011,May,Q2
SD1301,2012-11-21,2012,Nov,Q4
SD1302,2011-10-12,2011,Oct,Q4
SD1303,2013-04-04,2013,Apr,Q2
SD1304,2014-02-17,2014,Feb,Q1
SD1305,2013-07-19,2013,Jul,Q3
SD1306,2012-08-21,2012,Aug,Q3
SD1307,2012-01-25,2012,Jan,Q1
SD1308,2011-12-15,2011,Dec,Q4
SD1309,2011-02-04,2011,Feb,Q1
SD1310,2011-11-17,2011,Nov,Q4
SD1311,2012-12-01,2012,Dec,Q4
SD1312,2014-04-29,2014,Apr,Q2
SD1313,2011-01-29,2011,Jan,Q1
SD1314,2011-02-07,2011,Feb,Q1
SD1315,2012-09-30,2012,Sep,Q3
SD1316,2012-03-29,2012,Mar,Q1
SD1317,2011-01-14,2011,Jan,Q1
SD1318,2011-07-12,2011,Jul,Q3
SD1319,2011-05-01,2011,May,Q2
SD1320,2011-07-25,2011,Jul,Q3
SD1321,2012-09-07,2012,Sep,Q3
SD1322,2011-09-29,2011,Sep,Q3
SD1323,2012-02-21,2012,Feb,Q1
SD1324,2014-02-05,2014,Feb,Q1
SD1325,2012-03-07,2012,Mar,Q1
SD1326,2014-12-16,2014,Dec,Q4
SD1327,2012-05-22,2012,May,Q2
SD1328,2011-04-28,2011,Apr,Q2
SD1329,2011-01-30,2011,Jan,Q1
SD1330,2014-03-12,2014,Mar,Q1
SD1331,2012-08-01,2012,Aug,Q3
SD1332,2012-07-20,2012,Jul,Q3
SD1333,2014-03-20,2014,Mar,Q1
SD1334,2012-02-24,2012,Feb,Q1
SD1335,2011-04-29,2011,Apr,Q2
SD1336,2013-02-24,2013,Feb,Q1
SD1337,2012-04-17,2012,Apr,Q2
SD1338,2011-02-10,2011,Feb,Q1
SD1339,2014-04-08,2014,Apr,Q2
SD1340,2012-07-24,2012,Jul,Q3
SD1341,2013-04-02,2013,Apr,Q2
SD1342,2012-04-06,2012,Apr,Q2
SD1343,2011-07-29,2011,Jul,Q3
SD1344,2014-01-07,2014,Jan,Q1
SD1345,2011-02-13,2011,Feb,Q1
SD1346,2013-05-22,2013,May,Q2
SD1347,2012-03-08,2012,Mar,Q1
SD1348,2012-08-03,2012,Aug,Q3
SD1349,2013-01-20,2013,Jan,Q1
SD1350,2013-02-08,2013,Feb,Q1
SD1351,2013-05-15,2013,May,Q2
SD1352,2011-02-03,2011,Feb,Q1
SD1353,2012-04-09,2012,Apr,Q2
SD1354,2011-08-12,2011,Aug,Q3
SD1355,2014-03-06,2014,Mar,Q1
SD1356,2011-03-16,2011,Mar,Q1
SD1357,2014-07-28,2014,Jul,Q3
SD1358,2014-01-21,2014,Jan,Q1
SD1359,2011-08-25,2011,Aug,Q3
SD1360,2013-05-26,2013,May,Q2
SD1361,2012-05-19,2012,May,Q2
SD1362,2015-01-05,2015,Jan,Q1
SD1363,2011-04-05,2011,Apr,Q2
SD1364,2012-07-30,2012,Jul,Q3
SD1365,2012-04-10,2012,Apr,Q2
SD1366,2011-01-17,2011,Jan,Q1
SD1367,2012-07-05,2012,Jul,Q3
SD1368,2011-02-09,2011,Feb,Q1
SD1369,2013-03-03,2013,Mar,Q1
SD1370,2013-03-21,2013,Mar,Q1
SD1371,2011-05-09,2011,May,Q2
SD1372,2012-05-08,2012,May,Q2
SD1373,2011-04-15,2011,Apr,Q2
SD1374,2014-04-09,2014,Apr,Q2
SD1375,2012-02-07,2012,Feb,Q1
SD1376,2011-03-07,2011,Mar,Q1
SD1377,2013-02-19,2013,Feb,Q1
SD1378,2014-03-10,2014,Mar,Q1
SD1379,2012-01-28,2012,Jan,Q1
SD1380,2011-04-10,2011,Apr,Q2
SD1381,2015-01-04,2015,Jan,Q1
SD1382,2014-07-22,2014,Jul,Q3
SD1383,2011-05-22,2011,May,Q2
SD1384,2012-02-14,2012,Feb,Q1
SD1385,2011-03-02,2011,Mar,Q1
SD1386,2011-05-11,2011,May,Q2
SD1387,2011-01-31,2011,Jan,Q1
SD1388,2014-03-25,2014,Mar,Q1
SD1389,2011-03-18,2011,Mar,Q1
SD1390,2012-02-01,2012,Feb,Q1
SD1391,2012-01-22,2012,Jan,Q1
SD1392,2012-02-04,2012,Feb,Q1
SD1393,2011-07-01,2011,Jul,Q3
SD1394,2012-02-02,2012,Feb,Q1
SD1395,2013-04-17,2013,Apr,Q2
SD1396,2011-06-15,2011,Jun,Q2
SD1397,2012-07-21,2012,Jul,Q3
SD1398,2012-09-13,2012,Sep,Q3
SD1399,2011-07-18,2011,Jul,Q3
SD1400,2014-05-08,2014,May,Q2
SD1401,2011-09-04,2011,Sep,Q3
SD1402,2011-06-23,2011,Jun,Q2
SD1403,2011-10-09,2011,Oct,Q4
SD1404,2011-03-28,2011,Mar,Q1
SD1405,2011-06-16,2011,Jun,Q2
SD1406,2012-02-20,2012,Feb,Q1
SD1407,2011-03-14,2011,Mar,Q1
SD1408,2012-01-12,2012,Jan,Q1
SD1409,2012-03-13,2012,Mar,Q1
SD1410,2013-01-28,2013,Jan,Q1
SD1411,2013-01-29,2013,Jan,Q1
SD1412,2012-08-02,2012,Aug,Q3
SD1413,2012-05-11,2012,May,Q2
SD1414,2014-02-12,2014,Feb,Q1
SD1415,2011-01-06,2011,Jan,Q1
SD1416,2011-03-15,2011,Mar,Q1
SD1417,2012-10-06,2012,Oct,Q4
SD1418,2011-07-07,2011,Jul,Q3
SD1419,2011-10-26,2011,Oct,Q4
SD1420,2013-03-07,2013,Mar,Q1
SD1421,2012-06-05,2012,Jun,Q2
SD1422,2011-08-31,2011,Aug,Q3
SD1423,2012-02-16,2012,Feb,Q1
SD1424,2013-04-23,2013,Apr,Q2
SD1425,2011-01-08,2011,Jan,Q1
SD1426,2011-02-18,2011,Feb,Q1
SD1427,2012-03-03,2012,Mar,Q1
SD1428,2011-01-15,2011,Jan,Q1
SD1429,2011-09-09,2011,Sep,Q3
SD1430,2013-02-20,2013,Feb,Q1
SD1431,2011-02-27,2011,Feb,Q1
SD1432,2013-01-07,2013,Jan,Q1
SD1433,2011-07-10,2011,Jul,Q3
SD1434,2013-02-13,2013,Feb,Q1
SD1435,2013-09-12,2013,Sep,Q3
SD1436,2011-08-01,2011,Aug,Q3
SD1437,2011-03-20,2011,Mar,Q1
SD1438,2011-02-22,2011,Feb,Q1
SD1439,2011-03-29,2011,Mar,Q1
SD1440,2011-02-12,2011,Feb,Q1
SD1441,2012-03-06,2012,Mar,Q1
SD1442,2012-04-29,2012,Apr,Q2
SD1443,2012-02-03,2012,Feb,Q1
SD1444,2013-04-16,2013,Apr,Q2
SD1445,2012-07-29,2012,Jul,Q3
SD1446,2011-05-21,2011,May,Q2
SD1447,2015-01-06,2015,Jan,Q1
SD1448,2011-02-01,2011,Feb,Q1
SD1449,2012-03-14,2012,Mar,Q1
SD1450,2011-07-06,2011,Jul,Q3
SD1451,2011-04-14,2011,Apr,Q2
SD1452,2011-07-21,2011,Jul,Q3
SD1453,2011-01-28,2011,Jan,Q1
SD1454,2011-07-11,2011,Jul,Q3
SD1455,2011-02-23,2011,Feb,Q1
SD1456,2011-01-25,2011,Jan,Q1
SD1457,2015-01-07,2015,Jan,Q1
SD1458,2011-02-08,2011,Feb,Q1
SD1459,2012-01-24,2012,Jan,Q1
SD1460,2012-02-15,2012,Feb,Q1
SD1461,2012-07-23,2012,Jul,Q3
SD1462,2012-04-08,2012,Apr,Q2
SD1463,2011-01-05,2011,Jan,Q1
